timestamp,internal_temperature,internal_humidity,external_temperature,external_humidity
2023-04-12 14:30:00,20.4,41.0,,
2023-04-12 14:45:00,20.4,41.0,,
2023-04-12 15:00:00,20.4,41.0,,
2023-04-12 15:15:00,20.4,41.0,,
2023-04-12 15:30:00,20.4,41.0,,
2023-04-12 15:45:00,20.4,41.0,,
2023-04-12 16:00:00,20.45,41.75,,
2023-04-12 16:15:00,20.5,42.5,,
2023-04-12 16:30:00,20.55,43.25,,
2023-04-12 16:45:00,20.6,44.0,,
2023-04-12 17:00:00,20.55,43.75,,
2023-04-12 17:15:00,20.5,43.5,,
2023-04-12 17:30:00,20.45,43.25,,
2023-04-12 17:45:00,20.4,43.0,,
2023-04-12 18:00:00,20.4,43.25,,
2023-04-12 18:15:00,20.4,43.5,,
2023-04-12 18:30:00,20.4,43.75,,
2023-04-12 18:45:00,20.4,44.0,,
2023-04-12 19:00:00,20.375,44.0,,
2023-04-12 19:15:00,20.35,44.0,,
2023-04-12 19:30:00,20.325,44.0,,
2023-04-12 19:45:00,20.3,44.0,,
2023-04-12 20:00:00,20.275,44.0,,
2023-04-12 20:15:00,20.25,44.0,,
2023-04-12 20:30:00,20.225,44.0,,
2023-04-12 20:45:00,20.2,44.0,,
2023-04-12 21:00:00,20.15,44.25,,
2023-04-12 21:15:00,20.1,44.5,,
2023-04-12 21:30:00,20.05,44.75,,
2023-04-12 21:45:00,20.0,45.0,,
2023-04-12 22:00:00,19.975,45.25,,
2023-04-12 22:15:00,19.95,45.5,,
2023-04-12 22:30:00,19.925,45.75,,
2023-04-12 22:45:00,19.9,46.0,,
2023-04-12 23:00:00,19.875,46.0,,
2023-04-12 23:15:00,19.85,46.0,,
2023-04-12 23:30:00,19.825,46.0,,
2023-04-12 23:45:00,19.8,46.0,,
2023-04-13 00:00:00,19.766666666666666,46.333333333333336,,
2023-04-13 00:15:00,19.73333333333333,46.66666666666666,,
2023-04-13 00:30:00,19.7,47.0,,
2023-04-13 00:45:00,19.675,47.0,,
2023-04-13 01:00:00,19.65,47.0,,
2023-04-13 01:15:00,19.625,47.0,,
2023-04-13 01:30:00,19.6,47.0,,
2023-04-13 01:45:00,19.575000000000003,47.0,,
2023-04-13 02:00:00,19.55,47.0,,
2023-04-13 02:15:00,19.525,47.0,,
2023-04-13 02:30:00,19.5,47.0,,
2023-04-13 02:45:00,19.45,47.25,,
2023-04-13 03:00:00,19.4,47.5,,
2023-04-13 03:15:00,19.35,47.75,,
2023-04-13 03:30:00,19.3,48.0,,
2023-04-13 03:45:00,19.25,48.0,,
2023-04-13 04:00:00,19.200000000000003,48.0,,
2023-04-13 04:15:00,19.15,48.0,,
2023-04-13 04:30:00,19.1,48.0,,
2023-04-13 04:45:00,19.075000000000003,48.0,,
2023-04-13 05:00:00,19.05,48.0,,
2023-04-13 05:15:00,19.025,48.0,,
2023-04-13 05:30:00,19.0,48.0,,
2023-04-13 05:45:00,19.0,48.0,,
2023-04-13 06:00:00,19.0,48.0,,
2023-04-13 06:15:00,19.0,48.0,,
2023-04-13 06:30:00,19.0,48.0,,
2023-04-13 06:45:00,19.075,48.0,,
2023-04-13 07:00:00,19.15,48.0,,
2023-04-13 07:15:00,19.225,48.0,,
2023-04-13 07:30:00,19.3,48.0,,
2023-04-13 07:45:00,19.375,48.0,,
2023-04-13 08:00:00,19.450000000000003,48.0,,
2023-04-13 08:15:00,19.525,48.0,,
2023-04-13 08:30:00,19.6,48.0,,
2023-04-13 08:45:00,19.700000000000003,48.25,,
2023-04-13 09:00:00,19.8,48.5,,
2023-04-13 09:15:00,19.9,48.75,,
2023-04-13 09:30:00,20.0,49.0,,
2023-04-13 09:45:00,20.05,48.75,,
2023-04-13 10:00:00,20.1,48.5,,
2023-04-13 10:15:00,20.15,48.25,,
2023-04-13 10:30:00,20.2,48.0,,
2023-04-13 10:45:00,20.225,48.0,,
2023-04-13 11:00:00,20.25,48.0,,
2023-04-13 11:15:00,20.275,48.0,,
2023-04-13 11:30:00,20.3,48.0,,
2023-04-13 11:45:00,20.4,48.25,,
2023-04-13 12:00:00,20.5,48.5,,
2023-04-13 12:15:00,20.6,48.75,,
2023-04-13 12:30:00,20.7,49.0,,
2023-04-13 12:45:00,20.825,49.75,,
2023-04-13 13:00:00,20.95,50.5,,
2023-04-13 13:15:00,21.075,51.25,,
2023-04-13 13:30:00,21.2,52.0,,
2023-04-13 13:45:00,21.275,52.0,,
2023-04-13 14:00:00,21.35,52.0,,
2023-04-13 14:15:00,21.425,52.0,,
2023-04-13 14:30:00,21.5,52.0,,
2023-04-13 14:45:00,21.566666666666663,52.66666666666666,,
2023-04-13 15:00:00,21.633333333333333,53.333333333333336,,
2023-04-13 15:15:00,21.7,54.0,,
2023-04-13 15:30:00,21.675,53.75,,
2023-04-13 15:45:00,21.65,53.5,,
2023-04-13 16:00:00,21.625,53.25,,
2023-04-13 16:15:00,21.6,53.0,,
2023-04-13 16:30:00,21.525,53.0,,
2023-04-13 16:45:00,21.450000000000003,53.0,,
2023-04-13 17:00:00,21.375,53.0,,
2023-04-13 17:15:00,21.3,53.0,,
2023-04-13 17:30:00,21.25,53.0,,
2023-04-13 17:45:00,21.200000000000003,53.0,,
2023-04-13 18:00:00,21.15,53.0,,
2023-04-13 18:15:00,21.1,53.0,,
2023-04-13 18:30:00,21.05,53.25,,
2023-04-13 18:45:00,21.0,53.5,,
2023-04-13 19:00:00,20.95,53.75,,
2023-04-13 19:15:00,20.9,54.0,,
2023-04-13 19:30:00,20.85,54.0,,
2023-04-13 19:45:00,20.8,54.0,,
2023-04-13 20:00:00,20.75,54.0,,
2023-04-13 20:15:00,20.7,54.0,,
2023-04-13 20:30:00,20.65,54.25,,
2023-04-13 20:45:00,20.6,54.5,,
2023-04-13 21:00:00,20.55,54.75,,
2023-04-13 21:15:00,20.5,55.0,,
2023-04-13 21:30:00,20.475,55.0,,
2023-04-13 21:45:00,20.45,55.0,,
2023-04-13 22:00:00,20.425,55.0,,
2023-04-13 22:15:00,20.4,55.0,,
2023-04-13 22:30:00,20.35,55.25,,
2023-04-13 22:45:00,20.3,55.5,,
2023-04-13 23:00:00,20.25,55.75,,
2023-04-13 23:15:00,20.2,56.0,,
2023-04-13 23:30:00,20.15,56.25,,
2023-04-13 23:45:00,20.1,56.5,,
2023-04-14 00:00:00,20.05,56.75,,
2023-04-14 00:15:00,20.0,57.0,,
2023-04-14 00:30:00,19.95,57.25,,
2023-04-14 00:45:00,19.9,57.5,,
2023-04-14 01:00:00,19.85,57.75,,
2023-04-14 01:15:00,19.8,58.0,,
2023-04-14 01:30:00,19.775,58.0,,
2023-04-14 01:45:00,19.75,58.0,,
2023-04-14 02:00:00,19.725,58.0,,
2023-04-14 02:15:00,19.7,58.0,,
2023-04-14 02:30:00,19.65,57.75,,
2023-04-14 02:45:00,19.6,57.5,,
2023-04-14 03:00:00,19.55,57.25,,
2023-04-14 03:15:00,19.5,57.0,,
2023-04-14 03:30:00,19.475,57.0,,
2023-04-14 03:45:00,19.45,57.0,,
2023-04-14 04:00:00,19.425,57.0,,
2023-04-14 04:15:00,19.4,57.0,,
2023-04-14 04:30:00,19.35,57.5,,
2023-04-14 04:45:00,19.3,58.0,,
2023-04-14 05:00:00,19.25,58.5,,
2023-04-14 05:15:00,19.2,59.0,,
2023-04-14 05:30:00,19.2,59.333333333333336,,
2023-04-14 05:45:00,19.2,59.66666666666666,,
2023-04-14 06:00:00,19.2,60.0,,
2023-04-14 06:15:00,19.2,60.25,,
2023-04-14 06:30:00,19.2,60.5,,
2023-04-14 06:45:00,19.2,60.75,,
2023-04-14 07:00:00,19.2,61.0,,
2023-04-14 07:15:00,19.225,60.25,,
2023-04-14 07:30:00,19.25,59.5,,
2023-04-14 07:45:00,19.275,58.75,,
2023-04-14 08:00:00,19.3,58.0,,
2023-04-14 08:15:00,19.35,58.0,,
2023-04-14 08:30:00,19.4,58.0,,
2023-04-14 08:45:00,19.45,58.0,,
2023-04-14 09:00:00,19.5,58.0,,
2023-04-14 09:15:00,19.575,57.75,,
2023-04-14 09:30:00,19.65,57.5,,
2023-04-14 09:45:00,19.725,57.25,,
2023-04-14 10:00:00,19.8,57.0,,
2023-04-14 10:15:00,19.875,56.75,,
2023-04-14 10:30:00,19.950000000000003,56.5,,
2023-04-14 10:45:00,20.025,56.25,,
2023-04-14 11:00:00,20.1,56.0,,
2023-04-14 11:15:00,20.175,56.25,,
2023-04-14 11:30:00,20.25,56.5,,
2023-04-14 11:45:00,20.325,56.75,,
2023-04-14 12:00:00,20.4,57.0,,
2023-04-14 12:15:00,20.475,56.75,,
2023-04-14 12:30:00,20.55,56.5,,
2023-04-14 12:45:00,20.625,56.25,,
2023-04-14 13:00:00,20.7,56.0,,
2023-04-14 13:15:00,20.75,55.75,,
2023-04-14 13:30:00,20.8,55.5,,
2023-04-14 13:45:00,20.85,55.25,,
2023-04-14 14:00:00,20.9,55.0,,
2023-04-14 14:15:00,20.925,54.75,,
2023-04-14 14:30:00,20.95,54.5,,
2023-04-14 14:45:00,20.975,54.25,,
2023-04-14 15:00:00,21.0,54.0,,
2023-04-14 15:15:00,20.975,53.75,,
2023-04-14 15:30:00,20.95,53.5,,
2023-04-14 15:45:00,20.925,53.25,,
2023-04-14 16:00:00,20.9,53.0,,
2023-04-14 16:15:00,20.875,52.75,,
2023-04-14 16:30:00,20.85,52.5,,
2023-04-14 16:45:00,20.825,52.25,,
2023-04-14 17:00:00,20.8,52.0,,
2023-04-14 17:15:00,20.775,52.5,,
2023-04-14 17:30:00,20.75,53.0,,
2023-04-14 17:45:00,20.725,53.5,,
2023-04-14 18:00:00,20.7,54.0,,
2023-04-14 18:15:00,20.675,54.5,,
2023-04-14 18:30:00,20.65,55.0,,
2023-04-14 18:45:00,20.625,55.5,,
2023-04-14 19:00:00,20.6,56.0,,
2023-04-14 19:15:00,20.575000000000003,56.25,,
2023-04-14 19:30:00,20.55,56.5,,
2023-04-14 19:45:00,20.525,56.75,,
2023-04-14 20:00:00,20.5,57.0,,
2023-04-14 20:15:00,20.433333333333334,57.333333333333336,,
2023-04-14 20:30:00,20.366666666666667,57.66666666666666,,
2023-04-14 20:45:00,20.3,58.0,,
2023-04-14 21:00:00,20.275,58.25,,
2023-04-14 21:15:00,20.25,58.5,,
2023-04-14 21:30:00,20.225,58.75,,
2023-04-14 21:45:00,20.2,59.0,,
2023-04-14 22:00:00,20.175,59.25,,
2023-04-14 22:15:00,20.15,59.5,,
2023-04-14 22:30:00,20.125,59.75,,
2023-04-14 22:45:00,20.1,60.0,,
2023-04-14 23:00:00,20.075000000000003,60.0,,
2023-04-14 23:15:00,20.05,60.0,,
2023-04-14 23:30:00,20.025,60.0,,
2023-04-14 23:45:00,20.0,60.0,,
2023-04-15 00:00:00,19.95,59.75,,
2023-04-15 00:15:00,19.9,59.5,,
2023-04-15 00:30:00,19.85,59.25,,
2023-04-15 00:45:00,19.8,59.0,,
2023-04-15 01:00:00,19.75,58.0,,
2023-04-15 01:15:00,19.700000000000003,57.0,,
2023-04-15 01:30:00,19.65,56.0,,
2023-04-15 01:45:00,19.6,55.0,,
2023-04-15 02:00:00,19.55,54.0,,
2023-04-15 02:15:00,19.5,53.0,,
2023-04-15 02:30:00,19.45,52.0,,
2023-04-15 02:45:00,19.4,51.0,,
2023-04-15 03:00:00,19.375,50.25,,
2023-04-15 03:15:00,19.35,49.5,,
2023-04-15 03:30:00,19.325,48.75,,
2023-04-15 03:45:00,19.3,48.0,,
2023-04-15 04:00:00,19.275,48.0,,
2023-04-15 04:15:00,19.25,48.0,,
2023-04-15 04:30:00,19.225,48.0,,
2023-04-15 04:45:00,19.2,48.0,,
2023-04-15 05:00:00,19.175,48.0,,
2023-04-15 05:15:00,19.15,48.0,,
2023-04-15 05:30:00,19.125,48.0,,
2023-04-15 05:45:00,19.1,48.0,,
2023-04-15 06:00:00,19.1,47.75,,
2023-04-15 06:15:00,19.1,47.5,,
2023-04-15 06:30:00,19.1,47.25,,
2023-04-15 06:45:00,19.1,47.0,,
2023-04-15 07:00:00,19.1,46.5,,
2023-04-15 07:15:00,19.1,46.0,,
2023-04-15 07:30:00,19.1,45.5,,
2023-04-15 07:45:00,19.1,45.0,,
2023-04-15 08:00:00,19.125,44.0,,
2023-04-15 08:15:00,19.15,43.0,,
2023-04-15 08:30:00,19.175,42.0,,
2023-04-15 08:45:00,19.2,41.0,,
2023-04-15 09:00:00,19.25,39.5,,
2023-04-15 09:15:00,19.3,38.0,,
2023-04-15 09:30:00,19.35,36.5,,
2023-04-15 09:45:00,19.4,35.0,,
2023-04-15 10:00:00,19.475,34.0,,
2023-04-15 10:15:00,19.55,33.0,,
2023-04-15 10:30:00,19.625,32.0,,
2023-04-15 10:45:00,19.7,31.0,,
2023-04-15 11:00:00,19.83333333333333,31.33333333333333,,
2023-04-15 11:15:00,19.96666666666667,31.666666666666668,,
2023-04-15 11:30:00,20.1,32.0,,
2023-04-15 11:45:00,20.175,32.0,,
2023-04-15 12:00:00,20.25,32.0,,
2023-04-15 12:15:00,20.325,32.0,,
2023-04-15 12:30:00,20.4,32.0,,
2023-04-15 12:45:00,20.475,32.75,,
2023-04-15 13:00:00,20.55,33.5,,
2023-04-15 13:15:00,20.625,34.25,,
2023-04-15 13:30:00,20.7,35.0,,
2023-04-15 13:45:00,20.75,35.25,,
2023-04-15 14:00:00,20.8,35.5,,
2023-04-15 14:15:00,20.85,35.75,,
2023-04-15 14:30:00,20.9,36.0,,
2023-04-15 14:45:00,20.925,36.5,,
2023-04-15 15:00:00,20.95,37.0,,
2023-04-15 15:15:00,20.975,37.5,,
2023-04-15 15:30:00,21.0,38.0,,
2023-04-15 15:45:00,20.975,38.5,,
2023-04-15 16:00:00,20.95,39.0,,
2023-04-15 16:15:00,20.925,39.5,,
2023-04-15 16:30:00,20.9,40.0,,
2023-04-15 16:45:00,20.85,41.0,,
2023-04-15 17:00:00,20.8,42.0,,
2023-04-15 17:15:00,20.75,43.0,,
2023-04-15 17:30:00,20.7,44.0,,
2023-04-15 17:45:00,20.675,44.5,,
2023-04-15 18:00:00,20.65,45.0,,
2023-04-15 18:15:00,20.625,45.5,,
2023-04-15 18:30:00,20.6,46.0,,
2023-04-15 18:45:00,20.575000000000003,46.75,,
2023-04-15 19:00:00,20.55,47.5,,
2023-04-15 19:15:00,20.525,48.25,,
2023-04-15 19:30:00,20.5,49.0,,
2023-04-15 19:45:00,20.475,49.25,,
2023-04-15 20:00:00,20.45,49.5,,
2023-04-15 20:15:00,20.425,49.75,,
2023-04-15 20:30:00,20.4,50.0,,
2023-04-15 20:45:00,20.35,50.5,,
2023-04-15 21:00:00,20.3,51.0,,
2023-04-15 21:15:00,20.25,51.5,,
2023-04-15 21:30:00,20.2,52.0,,
2023-04-15 21:45:00,20.175,52.0,,
2023-04-15 22:00:00,20.15,52.0,,
2023-04-15 22:15:00,20.125,52.0,,
2023-04-15 22:30:00,20.1,52.0,,
2023-04-15 22:45:00,20.075000000000003,52.25,,
2023-04-15 23:00:00,20.05,52.5,,
2023-04-15 23:15:00,20.025,52.75,,
2023-04-15 23:30:00,20.0,53.0,,
2023-04-15 23:45:00,19.975,53.5,,
2023-04-16 00:00:00,19.95,54.0,,
2023-04-16 00:15:00,19.925,54.5,,
2023-04-16 00:30:00,19.9,55.0,,
2023-04-16 00:45:00,19.875,55.25,,
2023-04-16 01:00:00,19.85,55.5,,
2023-04-16 01:15:00,19.825,55.75,,
2023-04-16 01:30:00,19.8,56.0,,
2023-04-16 01:45:00,19.766666666666666,55.333333333333336,,
2023-04-16 02:00:00,19.73333333333333,54.66666666666666,,
2023-04-16 02:15:00,19.7,54.0,,
2023-04-16 02:30:00,19.65,53.5,,
2023-04-16 02:45:00,19.6,53.0,,
2023-04-16 03:00:00,19.55,52.5,,
2023-04-16 03:15:00,19.5,52.0,,
2023-04-16 03:30:00,19.475,51.75,,
2023-04-16 03:45:00,19.45,51.5,,
2023-04-16 04:00:00,19.425,51.25,,
2023-04-16 04:15:00,19.4,51.0,,
2023-04-16 04:30:00,19.4,51.0,,
2023-04-16 04:45:00,19.4,51.0,,
2023-04-16 05:00:00,19.4,51.0,,
2023-04-16 05:15:00,19.4,51.0,,
2023-04-16 05:30:00,19.4,50.5,,
2023-04-16 05:45:00,19.4,50.0,,
2023-04-16 06:00:00,19.4,49.5,,
2023-04-16 06:15:00,19.4,49.0,,
2023-04-16 06:30:00,19.4,48.5,,
2023-04-16 06:45:00,19.4,48.0,,
2023-04-16 07:00:00,19.4,47.5,,
2023-04-16 07:15:00,19.4,47.0,,
2023-04-16 07:30:00,19.425,47.25,,
2023-04-16 07:45:00,19.45,47.5,,
2023-04-16 08:00:00,19.475,47.75,,
2023-04-16 08:15:00,19.5,48.0,,
2023-04-16 08:30:00,19.55,48.0,,
2023-04-16 08:45:00,19.6,48.0,,
2023-04-16 09:00:00,19.65,48.0,,
2023-04-16 09:15:00,19.7,48.0,,
2023-04-16 09:30:00,19.75,47.75,,
2023-04-16 09:45:00,19.8,47.5,,
2023-04-16 10:00:00,19.85,47.25,,
2023-04-16 10:15:00,19.9,47.0,,
2023-04-16 10:30:00,19.975,47.5,,
2023-04-16 10:45:00,20.05,48.0,,
2023-04-16 11:00:00,20.125,48.5,,
2023-04-16 11:15:00,20.2,49.0,,
2023-04-16 11:30:00,20.25,49.0,,
2023-04-16 11:45:00,20.3,49.0,,
2023-04-16 12:00:00,20.35,49.0,,
2023-04-16 12:15:00,20.4,49.0,,
2023-04-16 12:30:00,20.425,48.75,,
2023-04-16 12:45:00,20.45,48.5,,
2023-04-16 13:00:00,20.475,48.25,,
2023-04-16 13:15:00,20.5,48.0,,
2023-04-16 13:30:00,20.5,48.0,,
2023-04-16 13:45:00,20.5,48.0,,
2023-04-16 14:00:00,20.5,48.0,,
2023-04-16 14:15:00,20.5,48.0,,
2023-04-16 14:30:00,20.525,47.75,,
2023-04-16 14:45:00,20.55,47.5,,
2023-04-16 15:00:00,20.575000000000003,47.25,,
2023-04-16 15:15:00,20.6,47.0,,
2023-04-16 15:30:00,20.6,47.25,,
2023-04-16 15:45:00,20.6,47.5,,
2023-04-16 16:00:00,20.6,47.75,,
2023-04-16 16:15:00,20.6,48.0,,
2023-04-16 16:30:00,20.566666666666663,47.66666666666666,,
2023-04-16 16:45:00,20.53333333333333,47.333333333333336,,
2023-04-16 17:00:00,20.5,47.0,,
2023-04-16 17:15:00,20.5,47.0,,
2023-04-16 17:30:00,20.5,47.0,,
2023-04-16 17:45:00,20.5,47.0,,
2023-04-16 18:00:00,20.5,47.0,,
2023-04-16 18:15:00,20.475,47.0,,
2023-04-16 18:30:00,20.45,47.0,,
2023-04-16 18:45:00,20.425,47.0,,
2023-04-16 19:00:00,20.4,47.0,,
2023-04-16 19:15:00,20.35,47.5,,
2023-04-16 19:30:00,20.3,48.0,,
2023-04-16 19:45:00,20.25,48.5,,
2023-04-16 20:00:00,20.2,49.0,,
2023-04-16 20:15:00,20.2,49.5,,
2023-04-16 20:30:00,20.2,50.0,,
2023-04-16 20:45:00,20.2,50.5,,
2023-04-16 21:00:00,20.2,51.0,,
2023-04-16 21:15:00,20.175,51.0,,
2023-04-16 21:30:00,20.15,51.0,,
2023-04-16 21:45:00,20.125,51.0,,
2023-04-16 22:00:00,20.1,51.0,,
2023-04-16 22:15:00,20.05,51.0,,
2023-04-16 22:30:00,20.0,51.0,,
2023-04-16 22:45:00,19.95,51.0,,
2023-04-16 23:00:00,19.9,51.0,,
2023-04-16 23:15:00,19.875,51.75,,
2023-04-16 23:30:00,19.85,52.5,,
2023-04-16 23:45:00,19.825,53.25,,
2023-04-17 00:00:00,19.8,54.0,,
2023-04-17 00:15:00,19.775,54.5,,
2023-04-17 00:30:00,19.75,55.0,,
2023-04-17 00:45:00,19.725,55.5,,
2023-04-17 01:00:00,19.7,56.0,,
2023-04-17 01:15:00,19.7,56.5,,
2023-04-17 01:30:00,19.7,57.0,,
2023-04-17 01:45:00,19.7,57.5,,
2023-04-17 02:00:00,19.7,58.0,,
2023-04-17 02:15:00,19.65,57.5,,
2023-04-17 02:30:00,19.6,57.0,,
2023-04-17 02:45:00,19.55,56.5,,
2023-04-17 03:00:00,19.5,56.0,,
2023-04-17 03:15:00,19.475,55.75,,
2023-04-17 03:30:00,19.45,55.5,,
2023-04-17 03:45:00,19.425,55.25,,
2023-04-17 04:00:00,19.4,55.0,,
2023-04-17 04:15:00,19.375,55.25,,
2023-04-17 04:30:00,19.35,55.5,,
2023-04-17 04:45:00,19.325,55.75,,
2023-04-17 05:00:00,19.3,56.0,,
2023-04-17 05:15:00,19.275,56.25,,
2023-04-17 05:30:00,19.25,56.5,,
2023-04-17 05:45:00,19.225,56.75,,
2023-04-17 06:00:00,19.2,57.0,,
2023-04-17 06:15:00,19.2,56.75,,
2023-04-17 06:30:00,19.2,56.5,,
2023-04-17 06:45:00,19.2,56.25,,
2023-04-17 07:00:00,19.2,56.0,,
2023-04-17 07:15:00,19.166666666666668,56.0,,
2023-04-17 07:30:00,19.133333333333333,56.0,,
2023-04-17 07:45:00,19.1,56.0,,
2023-04-17 08:00:00,19.1,56.0,,
2023-04-17 08:15:00,19.1,56.0,,
2023-04-17 08:30:00,19.1,56.0,,
2023-04-17 08:45:00,19.1,56.0,,
2023-04-17 09:00:00,19.125,55.5,,
2023-04-17 09:15:00,19.15,55.0,,
2023-04-17 09:30:00,19.175,54.5,,
2023-04-17 09:45:00,19.2,54.0,,
2023-04-17 10:00:00,19.25,53.75,,
2023-04-17 10:15:00,19.3,53.5,,
2023-04-17 10:30:00,19.35,53.25,,
2023-04-17 10:45:00,19.4,53.0,,
2023-04-17 11:00:00,19.475,52.5,,
2023-04-17 11:15:00,19.55,52.0,,
2023-04-17 11:30:00,19.625,51.5,,
2023-04-17 11:45:00,19.7,51.0,,
2023-04-17 12:00:00,19.75,50.25,,
2023-04-17 12:15:00,19.8,49.5,,
2023-04-17 12:30:00,19.85,48.75,,
2023-04-17 12:45:00,19.9,48.0,,
2023-04-17 13:00:00,19.95,48.0,,
2023-04-17 13:15:00,20.0,48.0,,
2023-04-17 13:30:00,20.05,48.0,,
2023-04-17 13:45:00,20.1,48.0,,
2023-04-17 14:00:00,20.15,47.25,,
2023-04-17 14:15:00,20.200000000000003,46.5,,
2023-04-17 14:30:00,20.25,45.75,,
2023-04-17 14:45:00,20.3,45.0,,
2023-04-17 15:00:00,20.3,45.0,,
2023-04-17 15:15:00,20.3,45.0,,
2023-04-17 15:30:00,20.3,45.0,,
2023-04-17 15:45:00,20.3,45.0,,
2023-04-17 16:00:00,20.275,45.5,,
2023-04-17 16:15:00,20.25,46.0,,
2023-04-17 16:30:00,20.225,46.5,,
2023-04-17 16:45:00,20.2,47.0,,
2023-04-17 17:00:00,20.175,47.75,,
2023-04-17 17:15:00,20.15,48.5,,
2023-04-17 17:30:00,20.125,49.25,,
2023-04-17 17:45:00,20.1,50.0,,
2023-04-17 18:00:00,20.075000000000003,50.5,,
2023-04-17 18:15:00,20.05,51.0,,
2023-04-17 18:30:00,20.025,51.5,,
2023-04-17 18:45:00,20.0,52.0,,
2023-04-17 19:00:00,20.0,53.0,,
2023-04-17 19:15:00,20.0,54.0,,
2023-04-17 19:30:00,20.0,55.0,,
2023-04-17 19:45:00,20.0,56.0,,
2023-04-17 20:00:00,20.025,55.75,,
2023-04-17 20:15:00,20.05,55.5,,
2023-04-17 20:30:00,20.075000000000003,55.25,,
2023-04-17 20:45:00,20.1,55.0,,
2023-04-17 21:00:00,20.1,56.0,,
2023-04-17 21:15:00,20.1,57.0,,
2023-04-17 21:30:00,20.1,58.0,,
2023-04-17 21:45:00,20.1,59.0,,
2023-04-17 22:00:00,20.1,59.0,,
2023-04-17 22:15:00,20.1,59.0,,
2023-04-17 22:30:00,20.1,59.0,,
2023-04-17 22:45:00,20.075000000000003,58.75,,
2023-04-17 23:00:00,20.05,58.5,,
2023-04-17 23:15:00,20.025,58.25,,
2023-04-17 23:30:00,20.0,58.0,,
2023-04-17 23:45:00,19.975,58.25,,
2023-04-18 00:00:00,19.95,58.5,,
2023-04-18 00:15:00,19.925,58.75,,
2023-04-18 00:30:00,19.9,59.0,,
2023-04-18 00:45:00,19.875,59.25,,
2023-04-18 01:00:00,19.85,59.5,,
2023-04-18 01:15:00,19.825,59.75,,
2023-04-18 01:30:00,19.8,60.0,,
2023-04-18 01:45:00,19.775,60.0,,
2023-04-18 02:00:00,19.75,60.0,,
2023-04-18 02:15:00,19.725,60.0,,
2023-04-18 02:30:00,19.7,60.0,,
2023-04-18 02:45:00,19.675,59.75,,
2023-04-18 03:00:00,19.65,59.5,,
2023-04-18 03:15:00,19.625,59.25,,
2023-04-18 03:30:00,19.6,59.0,,
2023-04-18 03:45:00,19.575000000000003,59.0,,
2023-04-18 04:00:00,19.55,59.0,,
2023-04-18 04:15:00,19.525,59.0,,
2023-04-18 04:30:00,19.5,59.0,,
2023-04-18 04:45:00,19.5,59.0,,
2023-04-18 05:00:00,19.5,59.0,,
2023-04-18 05:15:00,19.5,59.0,,
2023-04-18 05:30:00,19.5,59.0,,
2023-04-18 05:45:00,19.5,59.0,,
2023-04-18 06:00:00,19.5,59.0,,
2023-04-18 06:15:00,19.5,59.0,,
2023-04-18 06:30:00,19.5,59.0,,
2023-04-18 06:45:00,19.55,58.75,,
2023-04-18 07:00:00,19.6,58.5,,
2023-04-18 07:15:00,19.65,58.25,,
2023-04-18 07:30:00,19.7,58.0,,
2023-04-18 07:45:00,19.75,57.25,,
2023-04-18 08:00:00,19.8,56.5,,
2023-04-18 08:15:00,19.85,55.75,,
2023-04-18 08:30:00,19.9,55.0,,
2023-04-18 08:45:00,19.95,54.0,,
2023-04-18 09:00:00,20.0,53.0,,
2023-04-18 09:15:00,20.05,52.0,,
2023-04-18 09:30:00,20.1,51.0,,
2023-04-18 09:45:00,20.175,50.75,,
2023-04-18 10:00:00,20.25,50.5,,
2023-04-18 10:15:00,20.325,50.25,,
2023-04-18 10:30:00,20.4,50.0,,
2023-04-18 10:45:00,20.5,52.0,,
2023-04-18 11:00:00,20.6,54.0,,
2023-04-18 11:15:00,20.7,56.0,,
2023-04-18 11:30:00,20.8,58.0,,
2023-04-18 11:45:00,20.925,57.5,,
2023-04-18 12:00:00,21.05,57.0,,
2023-04-18 12:15:00,21.175,56.5,,
2023-04-18 12:30:00,21.3,56.0,,
2023-04-18 12:45:00,21.266666666666666,55.333333333333336,,
2023-04-18 13:00:00,21.23333333333333,54.66666666666666,,
2023-04-18 13:15:00,21.2,54.0,,
2023-04-18 13:30:00,21.3,53.75,,
2023-04-18 13:45:00,21.4,53.5,,
2023-04-18 14:00:00,21.5,53.25,,
2023-04-18 14:15:00,21.6,53.0,,
2023-04-18 14:30:00,21.625,52.75,,
2023-04-18 14:45:00,21.65,52.5,,
2023-04-18 15:00:00,21.675,52.25,,
2023-04-18 15:15:00,21.7,52.0,,
2023-04-18 15:30:00,21.725,52.25,,
2023-04-18 15:45:00,21.75,52.5,,
2023-04-18 16:00:00,21.775,52.75,,
2023-04-18 16:15:00,21.8,53.0,,
2023-04-18 16:30:00,21.75,52.75,,
2023-04-18 16:45:00,21.700000000000003,52.5,,
2023-04-18 17:00:00,21.65,52.25,,
2023-04-18 17:15:00,21.6,52.0,,
2023-04-18 17:30:00,21.55,52.0,,
2023-04-18 17:45:00,21.5,52.0,,
2023-04-18 18:00:00,21.45,52.0,,
2023-04-18 18:15:00,21.4,52.0,,
2023-04-18 18:30:00,21.375,52.0,,
2023-04-18 18:45:00,21.35,52.0,,
2023-04-18 19:00:00,21.325,52.0,,
2023-04-18 19:15:00,21.3,52.0,,
2023-04-18 19:30:00,21.275,52.0,,
2023-04-18 19:45:00,21.25,52.0,,
2023-04-18 20:00:00,21.225,52.0,,
2023-04-18 20:15:00,21.2,52.0,,
2023-04-18 20:30:00,21.125,52.0,,
2023-04-18 20:45:00,21.05,52.0,,
2023-04-18 21:00:00,20.975,52.0,,
2023-04-18 21:15:00,20.9,52.0,,
2023-04-18 21:30:00,20.85,52.0,,
2023-04-18 21:45:00,20.8,52.0,,
2023-04-18 22:00:00,20.75,52.0,,
2023-04-18 22:15:00,20.7,52.0,,
2023-04-18 22:30:00,20.65,52.25,,
2023-04-18 22:45:00,20.6,52.5,,
2023-04-18 23:00:00,20.55,52.75,,
2023-04-18 23:15:00,20.5,53.0,,
2023-04-18 23:30:00,20.475,53.0,,
2023-04-18 23:45:00,20.45,53.0,,
2023-04-19 00:00:00,20.425,53.0,,
2023-04-19 00:15:00,20.4,53.0,,
2023-04-19 00:30:00,20.375,53.0,,
2023-04-19 00:45:00,20.35,53.0,,
2023-04-19 01:00:00,20.325,53.0,,
2023-04-19 01:15:00,20.3,53.0,,
2023-04-19 01:30:00,20.25,53.0,,
2023-04-19 01:45:00,20.200000000000003,53.0,,
2023-04-19 02:00:00,20.15,53.0,,
2023-04-19 02:15:00,20.1,53.0,,
2023-04-19 02:30:00,20.075000000000003,53.0,,
2023-04-19 02:45:00,20.05,53.0,,
2023-04-19 03:00:00,20.025,53.0,,
2023-04-19 03:15:00,20.0,53.0,,
2023-04-19 03:30:00,19.933333333333334,53.0,,
2023-04-19 03:45:00,19.866666666666667,53.0,,
2023-04-19 04:00:00,19.8,53.0,,
2023-04-19 04:15:00,19.775,53.25,,
2023-04-19 04:30:00,19.75,53.5,,
2023-04-19 04:45:00,19.725,53.75,,
2023-04-19 05:00:00,19.7,54.0,,
2023-04-19 05:15:00,19.7,53.25,,
2023-04-19 05:30:00,19.7,52.5,,
2023-04-19 05:45:00,19.7,51.75,,
2023-04-19 06:00:00,19.7,51.0,,
2023-04-19 06:15:00,19.725,50.5,,
2023-04-19 06:30:00,19.75,50.0,,
2023-04-19 06:45:00,19.775,49.5,,
2023-04-19 07:00:00,19.8,49.0,,
2023-04-19 07:15:00,19.85,48.75,,
2023-04-19 07:30:00,19.9,48.5,,
2023-04-19 07:45:00,19.95,48.25,,
2023-04-19 08:00:00,20.0,48.0,,
2023-04-19 08:15:00,20.075,47.75,,
2023-04-19 08:30:00,20.15,47.5,,
2023-04-19 08:45:00,20.225,47.25,,
2023-04-19 09:00:00,20.3,47.0,,
2023-04-19 09:15:00,20.375,46.75,,
2023-04-19 09:30:00,20.450000000000003,46.5,,
2023-04-19 09:45:00,20.525,46.25,,
2023-04-19 10:00:00,20.6,46.0,,
2023-04-19 10:15:00,20.775,45.5,,
2023-04-19 10:30:00,20.950000000000003,45.0,,
2023-04-19 10:45:00,21.125,44.5,,
2023-04-19 11:00:00,21.3,44.0,,
2023-04-19 11:15:00,21.275,45.25,,
2023-04-19 11:30:00,21.25,46.5,,
2023-04-19 11:45:00,21.225,47.75,,
2023-04-19 12:00:00,21.2,49.0,,
2023-04-19 12:15:00,21.125,48.5,,
2023-04-19 12:30:00,21.05,48.0,,
2023-04-19 12:45:00,20.975,47.5,,
2023-04-19 13:00:00,20.9,47.0,,
2023-04-19 13:15:00,20.875,46.75,,
2023-04-19 13:30:00,20.85,46.5,,
2023-04-19 13:45:00,20.825,46.25,,
2023-04-19 14:00:00,20.8,46.0,,
2023-04-19 14:15:00,20.825,46.25,,
2023-04-19 14:30:00,20.85,46.5,,
2023-04-19 14:45:00,20.875,46.75,,
2023-04-19 15:00:00,20.9,47.0,,
2023-04-19 15:15:00,20.875,47.5,,
2023-04-19 15:30:00,20.85,48.0,,
2023-04-19 15:45:00,20.825,48.5,,
2023-04-19 16:00:00,20.8,49.0,,
2023-04-19 16:15:00,20.8,49.25,,
2023-04-19 16:30:00,20.8,49.5,,
2023-04-19 16:45:00,20.8,49.75,,
2023-04-19 17:00:00,20.8,50.0,,
2023-04-19 17:15:00,20.85,50.25,,
2023-04-19 17:30:00,20.9,50.5,,
2023-04-19 17:45:00,20.95,50.75,,
2023-04-19 18:00:00,21.0,51.0,,
2023-04-19 18:15:00,20.966666666666665,50.66666666666666,,
2023-04-19 18:30:00,20.933333333333334,50.333333333333336,,
2023-04-19 18:45:00,20.9,50.0,,
2023-04-19 19:00:00,20.85,50.0,,
2023-04-19 19:15:00,20.8,50.0,,
2023-04-19 19:30:00,20.75,50.0,,
2023-04-19 19:45:00,20.7,50.0,,
2023-04-19 20:00:00,20.7,50.75,,
2023-04-19 20:15:00,20.7,51.5,,
2023-04-19 20:30:00,20.7,52.25,,
2023-04-19 20:45:00,20.7,53.0,,
2023-04-19 21:00:00,20.65,53.0,,
2023-04-19 21:15:00,20.6,53.0,,
2023-04-19 21:30:00,20.55,53.0,,
2023-04-19 21:45:00,20.5,53.0,,
2023-04-19 22:00:00,20.475,53.0,,
2023-04-19 22:15:00,20.45,53.0,,
2023-04-19 22:30:00,20.425,53.0,,
2023-04-19 22:45:00,20.4,53.0,,
2023-04-19 23:00:00,20.325,52.75,,
2023-04-19 23:15:00,20.25,52.5,,
2023-04-19 23:30:00,20.175,52.25,,
2023-04-19 23:45:00,20.1,52.0,,
2023-04-20 00:00:00,20.05,52.0,,
2023-04-20 00:15:00,20.0,52.0,,
2023-04-20 00:30:00,19.95,52.0,,
2023-04-20 00:45:00,19.9,52.0,,
2023-04-20 01:00:00,19.875,51.75,,
2023-04-20 01:15:00,19.85,51.5,,
2023-04-20 01:30:00,19.825,51.25,,
2023-04-20 01:45:00,19.8,51.0,,
2023-04-20 02:00:00,19.75,51.0,,
2023-04-20 02:15:00,19.700000000000003,51.0,,
2023-04-20 02:30:00,19.65,51.0,,
2023-04-20 02:45:00,19.6,51.0,,
2023-04-20 03:00:00,19.575000000000003,51.25,,
2023-04-20 03:15:00,19.55,51.5,,
2023-04-20 03:30:00,19.525,51.75,,
2023-04-20 03:45:00,19.5,52.0,,
2023-04-20 04:00:00,19.475,52.0,,
2023-04-20 04:15:00,19.45,52.0,,
2023-04-20 04:30:00,19.425,52.0,,
2023-04-20 04:45:00,19.4,52.0,,
2023-04-20 05:00:00,19.375,52.0,,
2023-04-20 05:15:00,19.35,52.0,,
2023-04-20 05:30:00,19.325,52.0,,
2023-04-20 05:45:00,19.3,52.0,,
2023-04-20 06:00:00,19.3,51.75,,
2023-04-20 06:15:00,19.3,51.5,,
2023-04-20 06:30:00,19.3,51.25,,
2023-04-20 06:45:00,19.3,51.0,,
2023-04-20 07:00:00,19.35,51.0,,
2023-04-20 07:15:00,19.4,51.0,,
2023-04-20 07:30:00,19.45,51.0,,
2023-04-20 07:45:00,19.5,51.0,,
2023-04-20 08:00:00,19.55,51.25,,
2023-04-20 08:15:00,19.6,51.5,,
2023-04-20 08:30:00,19.65,51.75,,
2023-04-20 08:45:00,19.7,52.0,,
2023-04-20 09:00:00,19.83333333333333,52.0,,
2023-04-20 09:15:00,19.96666666666667,52.0,,
2023-04-20 09:30:00,20.1,52.0,,
2023-04-20 09:45:00,20.175,52.0,,
2023-04-20 10:00:00,20.25,52.0,,
2023-04-20 10:15:00,20.325,52.0,,
2023-04-20 10:30:00,20.4,52.0,,
2023-04-20 10:45:00,20.475,51.75,,
2023-04-20 11:00:00,20.55,51.5,,
2023-04-20 11:15:00,20.625,51.25,,
2023-04-20 11:30:00,20.7,51.0,,
2023-04-20 11:45:00,20.775,51.25,,
2023-04-20 12:00:00,20.85,51.5,,
2023-04-20 12:15:00,20.925,51.75,,
2023-04-20 12:30:00,21.0,52.0,,
2023-04-20 12:45:00,21.075,51.75,,
2023-04-20 13:00:00,21.15,51.5,,
2023-04-20 13:15:00,21.225,51.25,,
2023-04-20 13:30:00,21.3,51.0,,
2023-04-20 13:45:00,21.375,51.0,,
2023-04-20 14:00:00,21.450000000000003,51.0,,
2023-04-20 14:15:00,21.525,51.0,,
2023-04-20 14:30:00,21.6,51.0,,
2023-04-20 14:45:00,21.65,51.0,,
2023-04-20 15:00:00,21.700000000000003,51.0,,
2023-04-20 15:15:00,21.75,51.0,,
2023-04-20 15:30:00,21.8,51.0,,
2023-04-20 15:45:00,21.825,51.25,,
2023-04-20 16:00:00,21.85,51.5,,
2023-04-20 16:15:00,21.875,51.75,,
2023-04-20 16:30:00,21.9,52.0,,
2023-04-20 16:45:00,21.875,52.25,,
2023-04-20 17:00:00,21.85,52.5,,
2023-04-20 17:15:00,21.825,52.75,,
2023-04-20 17:30:00,21.8,53.0,,
2023-04-20 17:45:00,21.775,52.75,,
2023-04-20 18:00:00,21.75,52.5,,
2023-04-20 18:15:00,21.725,52.25,,
2023-04-20 18:30:00,21.7,52.0,,
2023-04-20 18:45:00,21.65,52.25,,
2023-04-20 19:00:00,21.6,52.5,,
2023-04-20 19:15:00,21.55,52.75,,
2023-04-20 19:30:00,21.5,53.0,,
2023-04-20 19:45:00,21.5,53.0,,
2023-04-20 20:00:00,21.5,53.0,,
2023-04-20 20:15:00,21.5,53.0,,
2023-04-20 20:30:00,21.5,53.0,,
2023-04-20 20:45:00,21.425,53.25,,
2023-04-20 21:00:00,21.35,53.5,,
2023-04-20 21:15:00,21.275,53.75,,
2023-04-20 21:30:00,21.2,54.0,,
2023-04-20 21:45:00,21.15,54.0,,
2023-04-20 22:00:00,21.1,54.0,,
2023-04-20 22:15:00,21.05,54.0,,
2023-04-20 22:30:00,21.0,54.0,,
2023-04-20 22:45:00,20.95,54.0,,
2023-04-20 23:00:00,20.9,54.0,,
2023-04-20 23:15:00,20.85,54.0,,
2023-04-20 23:30:00,20.8,54.0,,
2023-04-20 23:45:00,20.73333333333333,54.0,,
2023-04-21 00:00:00,20.666666666666668,54.0,14.3,90.0
2023-04-21 00:15:00,20.6,54.0,14.275,90.25
2023-04-21 00:30:00,20.575000000000003,54.0,14.25,90.5
2023-04-21 00:45:00,20.55,54.0,14.225,90.75
2023-04-21 01:00:00,20.525,54.0,14.2,91.0
2023-04-21 01:15:00,20.5,54.0,14.1,91.5
2023-04-21 01:30:00,20.45,54.0,14.0,92.0
2023-04-21 01:45:00,20.4,54.0,13.9,92.5
2023-04-21 02:00:00,20.35,54.0,13.8,93.0
2023-04-21 02:15:00,20.3,54.0,13.7,93.25
2023-04-21 02:30:00,20.25,54.0,13.6,93.5
2023-04-21 02:45:00,20.200000000000003,54.0,13.5,93.75
2023-04-21 03:00:00,20.15,54.0,13.4,94.0
2023-04-21 03:15:00,20.1,54.0,13.15,94.75
2023-04-21 03:30:00,20.075000000000003,54.0,12.9,95.5
2023-04-21 03:45:00,20.05,54.0,12.65,96.25
2023-04-21 04:00:00,20.025,54.0,12.4,97.0
2023-04-21 04:15:00,20.0,54.0,12.325,96.75
2023-04-21 04:30:00,19.975,54.0,12.25,96.5
2023-04-21 04:45:00,19.95,54.0,12.175,96.25
2023-04-21 05:00:00,19.925,54.0,12.1,96.0
2023-04-21 05:15:00,19.9,54.0,12.75,93.25
2023-04-21 05:30:00,19.9,53.75,13.4,90.5
2023-04-21 05:45:00,19.9,53.5,14.05,87.75
2023-04-21 06:00:00,19.9,53.25,14.7,85.0
2023-04-21 06:15:00,19.9,53.0,15.3,80.0
2023-04-21 06:30:00,19.925,53.0,15.9,75.0
2023-04-21 06:45:00,19.95,53.0,16.5,70.0
2023-04-21 07:00:00,19.975,53.0,17.1,65.0
2023-04-21 07:15:00,20.0,53.0,17.450000000000003,62.75
2023-04-21 07:30:00,20.0,53.0,17.8,60.5
2023-04-21 07:45:00,20.0,53.0,18.15,58.25
2023-04-21 08:00:00,20.0,53.0,18.5,56.0
2023-04-21 08:15:00,20.0,53.0,18.75,54.75
2023-04-21 08:30:00,20.0,53.0,19.0,53.5
2023-04-21 08:45:00,20.166666666666668,52.66666666666666,19.25,52.25
2023-04-21 09:00:00,20.33333333333333,52.333333333333336,19.5,51.0
2023-04-21 09:15:00,20.5,52.0,19.675,50.25
2023-04-21 09:30:00,20.575,51.875,19.85,49.5
2023-04-21 09:45:00,20.65,51.75,20.025,48.75
2023-04-21 10:00:00,20.725,51.625,20.2,48.0
2023-04-21 10:15:00,20.8,51.5,20.3,48.0
2023-04-21 10:30:00,20.9,51.375,20.4,48.0
2023-04-21 10:45:00,21.0,51.25,20.5,48.0
2023-04-21 11:00:00,21.1,51.125,20.6,48.0
2023-04-21 11:15:00,21.2,51.0,20.6,48.25
2023-04-21 11:30:00,21.3,50.5,20.6,48.5
2023-04-21 11:45:00,21.4,50.0,20.6,48.75
2023-04-21 12:00:00,21.5,49.5,20.6,49.0
2023-04-21 12:15:00,21.6,49.0,20.575000000000003,49.0
2023-04-21 12:30:00,21.65,48.5,20.55,49.0
2023-04-21 12:45:00,21.700000000000003,48.0,20.525,49.0
2023-04-21 13:00:00,21.75,47.5,20.5,49.0
2023-04-21 13:15:00,21.8,47.0,20.425,49.25
2023-04-21 13:30:00,21.825,47.25,20.35,49.5
2023-04-21 13:45:00,21.85,47.5,20.275,49.75
2023-04-21 14:00:00,21.875,47.75,20.2,50.0
2023-04-21 14:15:00,21.9,48.0,20.0,51.0
2023-04-21 14:30:00,21.966666666666665,48.66666666666666,19.8,52.0
2023-04-21 14:45:00,22.03333333333333,49.333333333333336,19.6,53.0
2023-04-21 15:00:00,22.1,50.0,19.4,54.0
2023-04-21 15:15:00,22.125,50.25,19.275,54.5
2023-04-21 15:30:00,22.15,50.5,19.15,55.0
2023-04-21 15:45:00,22.175,50.75,19.025,55.5
2023-04-21 16:00:00,22.2,51.0,18.9,56.0
2023-04-21 16:15:00,22.175,50.5,18.7,57.75
2023-04-21 16:30:00,22.15,50.0,18.5,59.5
2023-04-21 16:45:00,22.125,49.5,18.3,61.25
2023-04-21 17:00:00,22.1,49.0,18.1,63.0
2023-04-21 17:15:00,22.075000000000003,49.5,17.85,65.25
2023-04-21 17:30:00,22.05,50.0,17.6,67.5
2023-04-21 17:45:00,22.025,50.5,17.35,69.75
2023-04-21 18:00:00,22.0,51.0,17.1,72.0
2023-04-21 18:15:00,22.025,51.5,16.775000000000002,75.5
2023-04-21 18:30:00,22.05,52.0,16.450000000000003,79.0
2023-04-21 18:45:00,22.075000000000003,52.5,16.125,82.5
2023-04-21 19:00:00,22.1,53.0,15.8,86.0
2023-04-21 19:15:00,22.1,53.25,15.675,86.0
2023-04-21 19:30:00,22.1,53.5,15.55,86.0
2023-04-21 19:45:00,22.1,53.75,15.425,86.0
2023-04-21 20:00:00,22.1,54.0,15.3,86.0
2023-04-21 20:15:00,22.15,54.75,15.325,85.75
2023-04-21 20:30:00,22.200000000000003,55.5,15.35,85.5
2023-04-21 20:45:00,22.25,56.25,15.375,85.25
2023-04-21 21:00:00,22.3,57.0,15.4,85.0
2023-04-21 21:15:00,22.225,56.75,15.325,85.75
2023-04-21 21:30:00,22.15,56.5,15.25,86.5
2023-04-21 21:45:00,22.075,56.25,15.175,87.25
2023-04-21 22:00:00,22.0,56.0,15.1,88.0
2023-04-21 22:15:00,21.95,55.75,15.05,88.5
2023-04-21 22:30:00,21.9,55.5,15.0,89.0
2023-04-21 22:45:00,21.85,55.25,14.95,89.5
2023-04-21 23:00:00,21.8,55.0,14.9,90.0
2023-04-21 23:15:00,21.75,55.0,14.825,90.5
2023-04-21 23:30:00,21.700000000000003,55.0,14.75,91.0
2023-04-21 23:45:00,21.65,55.0,14.675,91.5
2023-04-22 00:00:00,21.6,55.0,14.6,92.0
2023-04-22 00:15:00,21.55,55.0,14.55,92.5
2023-04-22 00:30:00,21.5,55.0,14.5,93.0
2023-04-22 00:45:00,21.45,55.0,14.45,93.5
2023-04-22 01:00:00,21.4,55.0,14.4,94.0
2023-04-22 01:15:00,21.375,55.0,14.35,94.5
2023-04-22 01:30:00,21.35,55.0,14.3,95.0
2023-04-22 01:45:00,21.325,55.0,14.25,95.5
2023-04-22 02:00:00,21.3,55.0,14.2,96.0
2023-04-22 02:15:00,21.275,54.75,14.175,96.25
2023-04-22 02:30:00,21.25,54.5,14.15,96.5
2023-04-22 02:45:00,21.225,54.25,14.125,96.75
2023-04-22 03:00:00,21.2,54.0,14.1,97.0
2023-04-22 03:15:00,21.175,54.25,13.95,97.25
2023-04-22 03:30:00,21.15,54.5,13.8,97.5
2023-04-22 03:45:00,21.125,54.75,13.65,97.75
2023-04-22 04:00:00,21.1,55.0,13.5,98.0
2023-04-22 04:15:00,21.1,55.0,13.525,97.75
2023-04-22 04:30:00,21.1,55.0,13.55,97.5
2023-04-22 04:45:00,21.1,55.0,13.575,97.25
2023-04-22 05:00:00,21.1,55.0,13.6,97.0
2023-04-22 05:15:00,21.133333333333333,55.0,14.0,94.25
2023-04-22 05:30:00,21.166666666666668,55.0,14.4,91.5
2023-04-22 05:45:00,21.2,55.0,14.8,88.75
2023-04-22 06:00:00,21.225,54.75,15.2,86.0
2023-04-22 06:15:00,21.25,54.5,15.675,80.5
2023-04-22 06:30:00,21.275,54.25,16.15,75.0
2023-04-22 06:45:00,21.3,54.0,16.625,69.5
2023-04-22 07:00:00,21.3,53.25,17.1,64.0
2023-04-22 07:15:00,21.3,52.5,17.375,62.25
2023-04-22 07:30:00,21.3,51.75,17.65,60.5
2023-04-22 07:45:00,21.3,51.0,17.925,58.75
2023-04-22 08:00:00,21.35,50.75,18.2,57.0
2023-04-22 08:15:00,21.4,50.5,18.325,56.75
2023-04-22 08:30:00,21.45,50.25,18.45,56.5
2023-04-22 08:45:00,21.5,50.0,18.575,56.25
2023-04-22 09:00:00,21.55,50.25,18.7,56.0
2023-04-22 09:15:00,21.6,50.5,18.975,55.25
2023-04-22 09:30:00,21.65,50.75,19.25,54.5
2023-04-22 09:45:00,21.7,51.0,19.525,53.75
2023-04-22 10:00:00,21.75,50.25,19.8,53.0
2023-04-22 10:15:00,21.8,49.5,19.9,52.75
2023-04-22 10:30:00,21.85,48.75,20.0,52.5
2023-04-22 10:45:00,21.9,48.0,20.1,52.25
2023-04-22 11:00:00,22.0,47.25,20.2,52.0
2023-04-22 11:15:00,22.1,46.5,19.825,54.5
2023-04-22 11:30:00,22.2,45.75,19.45,57.0
2023-04-22 11:45:00,22.3,45.0,19.075,59.5
2023-04-22 12:00:00,22.4,46.0,18.7,62.0
2023-04-22 12:15:00,22.5,47.0,18.75,61.75
2023-04-22 12:30:00,22.6,48.0,18.8,61.5
2023-04-22 12:45:00,22.7,49.0,18.85,61.25
2023-04-22 13:00:00,22.775,50.0,18.9,61.0
2023-04-22 13:15:00,22.85,51.0,18.825,61.25
2023-04-22 13:30:00,22.925,52.0,18.75,61.5
2023-04-22 13:45:00,23.0,53.0,18.675,61.75
2023-04-22 14:00:00,23.0,53.0,18.6,62.0
2023-04-22 14:15:00,23.0,53.0,18.200000000000003,63.75
2023-04-22 14:30:00,23.0,53.0,17.8,65.5
2023-04-22 14:45:00,23.0,53.0,17.4,67.25
2023-04-22 15:00:00,22.975,53.5,17.0,69.0
2023-04-22 15:15:00,22.95,54.0,16.775,70.75
2023-04-22 15:30:00,22.925,54.5,16.55,72.5
2023-04-22 15:45:00,22.9,55.0,16.325000000000003,74.25
2023-04-22 16:00:00,22.875,54.75,16.1,76.0
2023-04-22 16:15:00,22.85,54.5,15.95,77.0
2023-04-22 16:30:00,22.825,54.25,15.8,78.0
2023-04-22 16:45:00,22.8,54.0,15.65,79.0
2023-04-22 17:00:00,22.775,54.0,15.5,80.0
2023-04-22 17:15:00,22.75,54.0,15.425,80.25
2023-04-22 17:30:00,22.725,54.0,15.35,80.5
2023-04-22 17:45:00,22.7,54.0,15.275,80.75
2023-04-22 18:00:00,22.675,53.75,15.2,81.0
2023-04-22 18:15:00,22.65,53.5,15.15,81.0
2023-04-22 18:30:00,22.625,53.25,15.1,81.0
2023-04-22 18:45:00,22.6,53.0,15.05,81.0
2023-04-22 19:00:00,22.55,53.25,15.0,81.0
2023-04-22 19:15:00,22.5,53.5,14.75,82.5
2023-04-22 19:30:00,22.45,53.75,14.5,84.0
2023-04-22 19:45:00,22.4,54.0,14.25,85.5
2023-04-22 20:00:00,22.366666666666667,53.66666666666666,14.0,87.0
2023-04-22 20:15:00,22.33333333333333,53.333333333333336,13.825,88.0
2023-04-22 20:30:00,22.3,53.0,13.65,89.0
2023-04-22 20:45:00,22.25,53.0,13.475,90.0
2023-04-22 21:00:00,22.200000000000003,53.0,13.3,91.0
2023-04-22 21:15:00,22.15,53.0,13.2,91.25
2023-04-22 21:30:00,22.1,53.0,13.1,91.5
2023-04-22 21:45:00,22.05,53.25,13.0,91.75
2023-04-22 22:00:00,22.0,53.5,12.9,92.0
2023-04-22 22:15:00,21.95,53.75,12.775,92.25
2023-04-22 22:30:00,21.9,54.0,12.65,92.5
2023-04-22 22:45:00,21.85,53.75,12.525,92.75
2023-04-22 23:00:00,21.8,53.5,12.4,93.0
2023-04-22 23:15:00,21.75,53.25,12.325,93.5
2023-04-22 23:30:00,21.7,53.0,12.25,94.0
2023-04-22 23:45:00,21.65,53.0,12.175,94.5
2023-04-23 00:00:00,21.6,53.0,12.1,95.0
2023-04-23 00:15:00,21.55,53.0,12.075,95.0
2023-04-23 00:30:00,21.5,53.0,12.05,95.0
2023-04-23 00:45:00,21.45,53.0,12.025,95.0
2023-04-23 01:00:00,21.4,53.0,12.0,95.0
2023-04-23 01:15:00,21.35,53.0,11.9,95.0
2023-04-23 01:30:00,21.3,53.0,11.8,95.0
2023-04-23 01:45:00,21.275,53.0,11.7,95.0
2023-04-23 02:00:00,21.25,53.0,11.6,95.0
2023-04-23 02:15:00,21.225,53.0,11.5,95.25
2023-04-23 02:30:00,21.2,53.0,11.4,95.5
2023-04-23 02:45:00,21.15,52.75,11.3,95.75
2023-04-23 03:00:00,21.1,52.5,11.2,96.0
2023-04-23 03:15:00,21.05,52.25,11.15,96.0
2023-04-23 03:30:00,21.0,52.0,11.1,96.0
2023-04-23 03:45:00,20.975,52.25,11.05,96.0
2023-04-23 04:00:00,20.95,52.5,11.0,96.0
2023-04-23 04:15:00,20.925,52.75,11.375,95.75
2023-04-23 04:30:00,20.9,53.0,11.75,95.5
2023-04-23 04:45:00,20.875,53.0,12.125,95.25
2023-04-23 05:00:00,20.85,53.0,12.5,95.0
2023-04-23 05:15:00,20.825,53.0,12.975,92.25
2023-04-23 05:30:00,20.8,53.0,13.45,89.5
2023-04-23 05:45:00,20.825,53.0,13.925,86.75
2023-04-23 06:00:00,20.85,53.0,14.4,84.0
2023-04-23 06:15:00,20.875,53.0,14.75,81.5
2023-04-23 06:30:00,20.9,53.0,15.1,79.0
2023-04-23 06:45:00,20.925,52.25,15.45,76.5
2023-04-23 07:00:00,20.95,51.5,15.8,74.0
2023-04-23 07:15:00,20.975,50.75,16.0,72.25
2023-04-23 07:30:00,21.0,50.0,16.200000000000003,70.5
2023-04-23 07:45:00,21.025,49.25,16.400000000000002,68.75
2023-04-23 08:00:00,21.05,48.5,16.6,67.0
2023-04-23 08:15:00,21.075000000000003,47.75,16.900000000000002,65.0
2023-04-23 08:30:00,21.1,47.0,17.200000000000003,63.0
2023-04-23 08:45:00,21.15,46.75,17.5,61.0
2023-04-23 09:00:00,21.200000000000003,46.5,17.8,59.0
2023-04-23 09:15:00,21.25,46.25,17.975,58.0
2023-04-23 09:30:00,21.3,46.0,18.15,57.0
2023-04-23 09:45:00,21.325,46.0,18.325,56.0
2023-04-23 10:00:00,21.35,46.0,18.5,55.0
2023-04-23 10:15:00,21.375,46.0,18.6,54.25
2023-04-23 10:30:00,21.4,46.0,18.7,53.5
2023-04-23 10:45:00,21.4,46.0,18.8,52.75
2023-04-23 11:00:00,21.4,46.0,18.9,52.0
2023-04-23 11:15:00,21.4,46.0,19.075,51.0
2023-04-23 11:30:00,21.5,47.25,19.25,50.0
2023-04-23 11:45:00,21.6,48.5,19.425,49.0
2023-04-23 12:00:00,21.7,49.75,19.6,48.0
2023-04-23 12:15:00,21.8,51.0,19.625,47.75
2023-04-23 12:30:00,21.85,51.0,19.65,47.5
2023-04-23 12:45:00,21.9,51.0,19.675,47.25
2023-04-23 13:00:00,21.95,51.0,19.7,47.0
2023-04-23 13:15:00,22.0,51.0,19.725,47.0
2023-04-23 13:30:00,22.075,51.0,19.75,47.0
2023-04-23 13:45:00,22.15,51.0,19.775,47.0
2023-04-23 14:00:00,22.225,51.0,19.8,47.0
2023-04-23 14:15:00,22.3,51.0,19.775,47.0
2023-04-23 14:30:00,22.325,51.25,19.75,47.0
2023-04-23 14:45:00,22.35,51.5,19.725,47.0
2023-04-23 15:00:00,22.375,51.75,19.7,47.0
2023-04-23 15:15:00,22.4,52.0,19.625,47.5
2023-04-23 15:30:00,22.425,51.25,19.55,48.0
2023-04-23 15:45:00,22.45,50.5,19.475,48.5
2023-04-23 16:00:00,22.475,49.75,19.4,49.0
2023-04-23 16:15:00,22.5,49.0,19.2,50.0
2023-04-23 16:30:00,22.425,48.5,19.0,51.0
2023-04-23 16:45:00,22.35,48.0,18.8,52.0
2023-04-23 17:00:00,22.275,47.5,18.6,53.0
2023-04-23 17:15:00,22.2,47.0,18.125,57.5
2023-04-23 17:30:00,22.225,47.5,17.65,62.0
2023-04-23 17:45:00,22.25,48.0,17.175,66.5
2023-04-23 18:00:00,22.275,48.5,16.7,71.0
2023-04-23 18:15:00,22.3,49.0,16.425,71.5
2023-04-23 18:30:00,22.3,49.75,16.15,72.0
2023-04-23 18:45:00,22.3,50.5,15.875,72.5
2023-04-23 19:00:00,22.3,51.25,15.6,73.0
2023-04-23 19:15:00,22.3,52.0,15.325,74.25
2023-04-23 19:30:00,22.3,53.25,15.05,75.5
2023-04-23 19:45:00,22.3,54.5,14.775,76.75
2023-04-23 20:00:00,22.3,55.75,14.5,78.0
2023-04-23 20:15:00,22.3,57.0,14.35,79.0
2023-04-23 20:30:00,22.25,56.5,14.2,80.0
2023-04-23 20:45:00,22.200000000000003,56.0,14.05,81.0
2023-04-23 21:00:00,22.15,55.5,13.9,82.0
2023-04-23 21:15:00,22.1,55.0,13.9,82.0
2023-04-23 21:30:00,22.075000000000003,54.75,13.9,82.0
2023-04-23 21:45:00,22.05,54.5,13.9,82.0
2023-04-23 22:00:00,22.025,54.25,13.9,82.0
2023-04-23 22:15:00,22.0,54.0,13.925,82.5
2023-04-23 22:30:00,21.95,54.0,13.95,83.0
2023-04-23 22:45:00,21.9,54.0,13.975,83.5
2023-04-23 23:00:00,21.85,54.0,14.0,84.0
2023-04-23 23:15:00,21.8,54.0,14.125,84.0
2023-04-23 23:30:00,21.75,53.75,14.25,84.0
2023-04-23 23:45:00,21.700000000000003,53.5,14.375,84.0
2023-04-24 00:00:00,21.65,53.25,14.5,84.0
2023-04-24 00:15:00,21.6,53.0,14.425,84.75
2023-04-24 00:30:00,21.575000000000003,53.0,14.35,85.5
2023-04-24 00:45:00,21.55,53.0,14.275,86.25
2023-04-24 01:00:00,21.525,53.0,14.2,87.0
2023-04-24 01:15:00,21.5,53.0,14.15,87.5
2023-04-24 01:30:00,21.433333333333334,53.0,14.1,88.0
2023-04-24 01:45:00,21.366666666666667,53.0,14.05,88.5
2023-04-24 02:00:00,21.3,53.0,14.0,89.0
2023-04-24 02:15:00,21.25,53.0,13.975,89.5
2023-04-24 02:30:00,21.200000000000003,53.0,13.95,90.0
2023-04-24 02:45:00,21.15,53.0,13.925,90.5
2023-04-24 03:00:00,21.1,53.0,13.9,91.0
2023-04-24 03:15:00,21.075000000000003,53.0,13.875,91.25
2023-04-24 03:30:00,21.05,53.0,13.85,91.5
2023-04-24 03:45:00,21.025,53.0,13.825,91.75
2023-04-24 04:00:00,21.0,53.0,13.8,92.0
2023-04-24 04:15:00,20.95,53.0,13.875,92.25
2023-04-24 04:30:00,20.9,53.0,13.95,92.5
2023-04-24 04:45:00,20.85,53.0,14.025,92.75
2023-04-24 05:00:00,20.8,53.0,14.1,93.0
2023-04-24 05:15:00,20.825,53.0,14.525,90.5
2023-04-24 05:30:00,20.85,53.0,14.95,88.0
2023-04-24 05:45:00,20.875,53.0,15.375,85.5
2023-04-24 06:00:00,20.9,53.0,15.8,83.0
2023-04-24 06:15:00,20.9,52.75,16.2,79.5
2023-04-24 06:30:00,20.9,52.5,16.6,76.0
2023-04-24 06:45:00,20.9,52.25,17.0,72.5
2023-04-24 07:00:00,20.9,52.0,17.4,69.0
2023-04-24 07:15:00,20.925,52.25,17.799999999999997,66.0
2023-04-24 07:30:00,20.95,52.5,18.2,63.0
2023-04-24 07:45:00,20.975,52.75,18.6,60.0
2023-04-24 08:00:00,21.0,53.0,19.0,57.0
2023-04-24 08:15:00,21.05,53.25,19.325,55.25
2023-04-24 08:30:00,21.1,53.5,19.65,53.5
2023-04-24 08:45:00,21.15,53.75,19.975,51.75
2023-04-24 09:00:00,21.2,54.0,20.3,50.0
2023-04-24 09:15:00,21.25,54.0,20.575,48.5
2023-04-24 09:30:00,21.3,54.0,20.85,47.0
2023-04-24 09:45:00,21.35,54.0,21.125,45.5
2023-04-24 10:00:00,21.4,54.0,21.4,44.0
2023-04-24 10:15:00,21.475,54.0,21.55,43.0
2023-04-24 10:30:00,21.55,54.0,21.7,42.0
2023-04-24 10:45:00,21.625,54.0,21.85,41.0
2023-04-24 11:00:00,21.7,54.0,22.0,40.0
2023-04-24 11:15:00,21.775,53.75,22.1,39.75
2023-04-24 11:30:00,21.85,53.5,22.2,39.5
2023-04-24 11:45:00,21.925,53.25,22.3,39.25
2023-04-24 12:00:00,22.0,53.0,22.4,39.0
2023-04-24 12:15:00,22.075,52.75,22.375,39.5
2023-04-24 12:30:00,22.15,52.5,22.35,40.0
2023-04-24 12:45:00,22.225,52.25,22.325,40.5
2023-04-24 13:00:00,22.3,52.0,22.3,41.0
2023-04-24 13:15:00,22.35,52.5,22.175,42.5
2023-04-24 13:30:00,22.4,53.0,22.05,44.0
2023-04-24 13:45:00,22.45,53.5,21.925,45.5
2023-04-24 14:00:00,22.5,54.0,21.8,47.0
2023-04-24 14:15:00,22.525,54.0,21.55,49.0
2023-04-24 14:30:00,22.55,54.0,21.3,51.0
2023-04-24 14:45:00,22.575000000000003,54.0,21.05,53.0
2023-04-24 15:00:00,22.6,54.0,20.8,55.0
2023-04-24 15:15:00,22.575000000000003,53.5,20.55,56.75
2023-04-24 15:30:00,22.55,53.0,20.3,58.5
2023-04-24 15:45:00,22.525,52.5,20.05,60.25
2023-04-24 16:00:00,22.5,52.0,19.8,62.0
2023-04-24 16:15:00,22.466666666666665,52.66666666666666,19.5,64.0
2023-04-24 16:30:00,22.433333333333334,53.333333333333336,19.200000000000003,66.0
2023-04-24 16:45:00,22.4,54.0,18.9,68.0
2023-04-24 17:00:00,22.425,54.25,18.6,70.0
2023-04-24 17:15:00,22.45,54.5,18.325000000000003,72.25
2023-04-24 17:30:00,22.475,54.75,18.05,74.5
2023-04-24 17:45:00,22.5,55.0,17.775,76.75
2023-04-24 18:00:00,22.5,55.25,17.5,79.0
2023-04-24 18:15:00,22.5,55.5,17.225,81.25
2023-04-24 18:30:00,22.5,55.75,16.95,83.5
2023-04-24 18:45:00,22.5,56.0,16.674999999999997,85.75
2023-04-24 19:00:00,22.525,56.5,16.4,88.0
2023-04-24 19:15:00,22.55,57.0,16.424999999999997,87.25
2023-04-24 19:30:00,22.575000000000003,57.5,16.45,86.5
2023-04-24 19:45:00,22.6,58.0,16.475,85.75
2023-04-24 20:00:00,22.575000000000003,57.75,16.5,85.0
2023-04-24 20:15:00,22.55,57.5,16.475,84.75
2023-04-24 20:30:00,22.525,57.25,16.45,84.5
2023-04-24 20:45:00,22.5,57.0,16.424999999999997,84.25
2023-04-24 21:00:00,22.45,56.75,16.4,84.0
2023-04-24 21:15:00,22.4,56.5,16.2,83.75
2023-04-24 21:30:00,22.35,56.25,16.0,83.5
2023-04-24 21:45:00,22.3,56.0,15.8,83.25
2023-04-24 22:00:00,22.275,56.0,15.6,83.0
2023-04-24 22:15:00,22.25,56.0,15.4,82.5
2023-04-24 22:30:00,22.225,56.0,15.2,82.0
2023-04-24 22:45:00,22.2,56.0,15.0,81.5
2023-04-24 23:00:00,22.175,56.0,14.8,81.0
2023-04-24 23:15:00,22.15,56.0,14.6,81.0
2023-04-24 23:30:00,22.125,56.0,14.4,81.0
2023-04-24 23:45:00,22.1,56.0,14.2,81.0
2023-04-25 00:00:00,22.075000000000003,55.75,14.0,81.0
2023-04-25 00:15:00,22.05,55.5,13.875,81.25
2023-04-25 00:30:00,22.025,55.25,13.75,81.5
2023-04-25 00:45:00,22.0,55.0,13.625,81.75
2023-04-25 01:00:00,21.975,55.0,13.5,82.0
2023-04-25 01:15:00,21.95,55.0,13.375,82.25
2023-04-25 01:30:00,21.925,55.0,13.25,82.5
2023-04-25 01:45:00,21.9,55.0,13.125,82.75
2023-04-25 02:00:00,21.85,55.0,13.0,83.0
2023-04-25 02:15:00,21.8,55.0,12.875,83.25
2023-04-25 02:30:00,21.75,55.0,12.75,83.5
2023-04-25 02:45:00,21.7,55.0,12.625,83.75
2023-04-25 03:00:00,21.7,54.75,12.5,84.0
2023-04-25 03:15:00,21.7,54.5,12.4,84.5
2023-04-25 03:30:00,21.7,54.25,12.3,85.0
2023-04-25 03:45:00,21.7,54.0,12.2,85.5
2023-04-25 04:00:00,21.65,54.25,12.1,86.0
2023-04-25 04:15:00,21.6,54.5,12.45,85.5
2023-04-25 04:30:00,21.55,54.75,12.8,85.0
2023-04-25 04:45:00,21.5,55.0,13.15,84.5
2023-04-25 05:00:00,21.475,53.75,13.5,84.0
2023-04-25 05:15:00,21.45,52.5,14.45,78.25
2023-04-25 05:30:00,21.425,51.25,15.4,72.5
2023-04-25 05:45:00,21.4,50.0,16.35,66.75
2023-04-25 06:00:00,21.4,49.75,17.3,61.0
2023-04-25 06:15:00,21.4,49.5,17.85,56.5
2023-04-25 06:30:00,21.4,49.25,18.4,52.0
2023-04-25 06:45:00,21.4,49.0,18.95,47.5
2023-04-25 07:00:00,21.433333333333334,49.0,19.5,43.0
2023-04-25 07:15:00,21.466666666666665,49.0,19.8,42.25
2023-04-25 07:30:00,21.5,49.0,20.1,41.5
2023-04-25 07:45:00,21.55,49.0,20.4,40.75
2023-04-25 08:00:00,21.6,49.0,20.7,40.0
2023-04-25 08:15:00,21.65,49.0,20.95,39.5
2023-04-25 08:30:00,21.7,49.0,21.2,39.0
2023-04-25 08:45:00,21.725,48.75,21.45,38.5
2023-04-25 09:00:00,21.75,48.5,21.7,38.0
2023-04-25 09:15:00,21.775,48.25,21.9,38.0
2023-04-25 09:30:00,21.8,48.0,22.1,38.0
2023-04-25 09:45:00,21.875,47.75,22.3,38.0
2023-04-25 10:00:00,21.950000000000003,47.5,22.5,38.0
2023-04-25 10:15:00,22.025,47.25,22.7,37.25
2023-04-25 10:30:00,22.1,47.0,22.9,36.5
2023-04-25 10:45:00,22.175,46.75,23.1,35.75
2023-04-25 11:00:00,22.25,46.5,23.3,35.0
2023-04-25 11:15:00,22.325,46.25,23.45,34.25
2023-04-25 11:30:00,22.4,46.0,23.6,33.5
2023-04-25 11:45:00,22.45,45.75,23.75,32.75
2023-04-25 12:00:00,22.5,45.5,23.9,32.0
2023-04-25 12:15:00,22.55,45.25,23.925,31.75
2023-04-25 12:30:00,22.6,45.0,23.95,31.5
2023-04-25 12:45:00,,45.25,23.975,31.25
2023-04-25 13:00:00,,45.5,24.0,31.0
2023-04-25 13:15:00,,45.75,23.9,31.5
2023-04-25 13:30:00,,46.0,23.8,32.0
2023-04-25 13:45:00,,46.25,23.700000000000003,32.5
2023-04-25 14:00:00,,46.5,23.6,33.0
2023-04-25 14:15:00,,46.75,23.450000000000003,33.75
2023-04-25 14:30:00,22.7,47.0,23.3,34.5
2023-04-25 14:45:00,22.725,47.5,23.15,35.25
2023-04-25 15:00:00,22.75,48.0,23.0,36.0
2023-04-25 15:15:00,22.775,48.5,22.8,36.75
2023-04-25 15:30:00,22.8,49.0,22.6,37.5
2023-04-25 15:45:00,22.775,48.75,22.4,38.25
2023-04-25 16:00:00,22.75,48.5,22.2,39.0
2023-04-25 16:15:00,22.725,48.25,21.875,40.5
2023-04-25 16:30:00,22.7,48.0,21.55,42.0
2023-04-25 16:45:00,22.675,47.75,21.225,43.5
2023-04-25 17:00:00,22.65,47.5,20.9,45.0
2023-04-25 17:15:00,22.625,47.25,20.4,47.5
2023-04-25 17:30:00,22.6,47.0,19.9,50.0
2023-04-25 17:45:00,22.6,47.25,19.4,52.5
2023-04-25 18:00:00,22.6,47.5,18.9,55.0
2023-04-25 18:15:00,22.6,47.75,18.55,56.5
2023-04-25 18:30:00,22.6,48.0,18.2,58.0
2023-04-25 18:45:00,22.55,47.75,17.85,59.5
2023-04-25 19:00:00,22.5,47.5,17.5,61.0
2023-04-25 19:15:00,22.45,47.25,17.2,62.25
2023-04-25 19:30:00,22.4,47.0,16.9,63.5
2023-04-25 19:45:00,22.35,47.0,16.6,64.75
2023-04-25 20:00:00,22.3,47.0,16.3,66.0
2023-04-25 20:15:00,22.25,47.0,16.05,67.0
2023-04-25 20:30:00,22.2,47.0,15.8,68.0
2023-04-25 20:45:00,22.2,47.25,15.55,69.0
2023-04-25 21:00:00,22.2,47.5,15.3,70.0
2023-04-25 21:15:00,22.2,47.75,15.1,71.25
2023-04-25 21:30:00,22.2,48.0,14.9,72.5
2023-04-25 21:45:00,22.166666666666668,48.0,14.7,73.75
2023-04-25 22:00:00,22.133333333333333,48.0,14.5,75.0
2023-04-25 22:15:00,22.1,48.0,14.325,76.0
2023-04-25 22:30:00,22.05,48.25,14.15,77.0
2023-04-25 22:45:00,22.0,48.5,13.975,78.0
2023-04-25 23:00:00,21.95,48.75,13.8,79.0
2023-04-25 23:15:00,21.9,49.0,13.7,79.75
2023-04-25 23:30:00,21.85,49.25,13.6,80.5
2023-04-25 23:45:00,21.8,49.5,13.5,81.25
2023-04-26 00:00:00,21.75,49.75,13.4,82.0
2023-04-26 00:15:00,21.7,50.0,13.35,82.25
2023-04-26 00:30:00,21.675,50.25,13.3,82.5
2023-04-26 00:45:00,21.65,50.5,13.25,82.75
2023-04-26 01:00:00,21.625,50.75,13.2,83.0
2023-04-26 01:15:00,21.6,51.0,13.175,83.0
2023-04-26 01:30:00,21.575000000000003,51.25,13.15,83.0
2023-04-26 01:45:00,21.55,51.5,13.125,83.0
2023-04-26 02:00:00,21.525,51.75,13.1,83.0
2023-04-26 02:15:00,21.5,52.0,13.075,83.5
2023-04-26 02:30:00,21.475,52.0,13.05,84.0
2023-04-26 02:45:00,21.45,52.0,13.025,84.5
2023-04-26 03:00:00,21.425,52.0,13.0,85.0
2023-04-26 03:15:00,21.4,52.0,12.95,85.25
2023-04-26 03:30:00,21.4,52.25,12.9,85.5
2023-04-26 03:45:00,21.4,52.5,12.85,85.75
2023-04-26 04:00:00,21.4,52.75,12.8,86.0
2023-04-26 04:15:00,21.4,53.0,13.1,85.75
2023-04-26 04:30:00,21.375,53.0,13.4,85.5
2023-04-26 04:45:00,21.35,53.0,13.7,85.25
2023-04-26 05:00:00,21.325,53.0,14.0,85.0
2023-04-26 05:15:00,21.3,53.0,14.65,81.5
2023-04-26 05:30:00,21.3,52.75,15.3,78.0
2023-04-26 05:45:00,21.3,52.5,15.95,74.5
2023-04-26 06:00:00,21.3,52.25,16.6,71.0
2023-04-26 06:15:00,21.3,52.0,17.05,68.5
2023-04-26 06:30:00,21.275,51.75,17.5,66.0
2023-04-26 06:45:00,21.25,51.5,17.95,63.5
2023-04-26 07:00:00,21.225,51.25,18.4,61.0
2023-04-26 07:15:00,21.2,51.0,18.775,59.0
2023-04-26 07:30:00,21.225,50.75,19.15,57.0
2023-04-26 07:45:00,21.25,50.5,19.525,55.0
2023-04-26 08:00:00,21.275,50.25,19.9,53.0
2023-04-26 08:15:00,21.3,50.0,20.175,51.75
2023-04-26 08:30:00,21.375,49.5,20.45,50.5
2023-04-26 08:45:00,21.450000000000003,49.0,20.725,49.25
2023-04-26 09:00:00,21.525,48.5,21.0,48.0
2023-04-26 09:15:00,21.6,48.0,21.175,47.25
2023-04-26 09:30:00,21.675,47.5,21.35,46.5
2023-04-26 09:45:00,21.75,47.0,21.525,45.75
2023-04-26 10:00:00,21.825,46.5,21.7,45.0
2023-04-26 10:15:00,21.9,46.0,21.825,44.75
2023-04-26 10:30:00,21.95,46.75,21.95,44.5
2023-04-26 10:45:00,22.0,47.5,22.075,44.25
2023-04-26 11:00:00,22.05,48.25,22.2,44.0
2023-04-26 11:15:00,22.1,49.0,22.05,44.0
2023-04-26 11:30:00,22.15,49.25,21.9,44.0
2023-04-26 11:45:00,22.200000000000003,49.5,21.75,44.0
2023-04-26 12:00:00,22.25,49.75,21.6,44.0
2023-04-26 12:15:00,22.3,50.0,21.65,43.5
2023-04-26 12:30:00,22.33333333333333,50.0,21.700000000000003,43.0
2023-04-26 12:45:00,22.366666666666667,50.0,21.75,42.5
2023-04-26 13:00:00,22.4,50.0,21.8,42.0
2023-04-26 13:15:00,22.425,50.5,21.7,42.25
2023-04-26 13:30:00,22.45,51.0,21.6,42.5
2023-04-26 13:45:00,22.475,51.5,21.5,42.75
2023-04-26 14:00:00,22.5,52.0,21.4,43.0
2023-04-26 14:15:00,22.55,51.75,21.225,43.25
2023-04-26 14:30:00,22.6,51.5,21.05,43.5
2023-04-26 14:45:00,22.65,51.25,20.875,43.75
2023-04-26 15:00:00,22.7,51.0,20.7,44.0
2023-04-26 15:15:00,22.7,50.5,20.525,44.25
2023-04-26 15:30:00,22.7,50.0,20.35,44.5
2023-04-26 15:45:00,22.7,49.5,20.175,44.75
2023-04-26 16:00:00,22.7,49.0,20.0,45.0
2023-04-26 16:15:00,22.7,48.5,19.775,46.0
2023-04-26 16:30:00,22.7,48.0,19.55,47.0
2023-04-26 16:45:00,22.7,47.5,19.325000000000003,48.0
2023-04-26 17:00:00,22.7,47.0,19.1,49.0
2023-04-26 17:15:00,22.7,47.5,18.8,50.25
2023-04-26 17:30:00,22.7,48.0,18.5,51.5
2023-04-26 17:45:00,22.7,48.5,18.2,52.75
2023-04-26 18:00:00,22.7,49.0,17.9,54.0
2023-04-26 18:15:00,22.675,48.75,17.45,56.75
2023-04-26 18:30:00,22.65,48.5,17.0,59.5
2023-04-26 18:45:00,22.625,48.25,16.55,62.25
2023-04-26 19:00:00,22.6,48.0,16.1,65.0
2023-04-26 19:15:00,22.575000000000003,48.0,15.825,66.5
2023-04-26 19:30:00,22.55,48.0,15.55,68.0
2023-04-26 19:45:00,22.525,48.0,15.275,69.5
2023-04-26 20:00:00,22.5,48.0,15.0,71.0
2023-04-26 20:15:00,22.45,47.75,14.75,72.0
2023-04-26 20:30:00,22.4,47.5,14.5,73.0
2023-04-26 20:45:00,22.35,47.25,14.25,74.0
2023-04-26 21:00:00,22.3,47.0,14.0,75.0
2023-04-26 21:15:00,22.25,46.75,13.825,75.25
2023-04-26 21:30:00,22.200000000000003,46.5,13.65,75.5
2023-04-26 21:45:00,22.15,46.25,13.475,75.75
2023-04-26 22:00:00,22.1,46.0,13.3,76.0
2023-04-26 22:15:00,22.075000000000003,46.0,13.15,76.5
2023-04-26 22:30:00,22.05,46.0,13.0,77.0
2023-04-26 22:45:00,22.025,46.0,12.85,77.5
2023-04-26 23:00:00,22.0,46.0,12.7,78.0
2023-04-26 23:15:00,21.95,46.0,12.65,77.75
2023-04-26 23:30:00,21.9,46.0,12.6,77.5
2023-04-26 23:45:00,21.85,46.0,12.55,77.25
2023-04-27 00:00:00,21.8,46.0,12.5,77.0
2023-04-27 00:15:00,21.775,45.75,12.5,76.25
2023-04-27 00:30:00,21.75,45.5,12.5,75.5
2023-04-27 00:45:00,21.725,45.25,12.5,74.75
2023-04-27 01:00:00,21.7,45.0,12.5,74.0
2023-04-27 01:15:00,21.65,45.0,12.475,73.75
2023-04-27 01:30:00,21.6,45.0,12.45,73.5
2023-04-27 01:45:00,21.55,45.0,12.425,73.25
2023-04-27 02:00:00,21.5,45.0,12.4,73.0
2023-04-27 02:15:00,21.45,45.0,12.325,72.75
2023-04-27 02:30:00,21.4,45.0,12.25,72.5
2023-04-27 02:45:00,21.35,45.0,12.175,72.25
2023-04-27 03:00:00,21.3,45.0,12.1,72.0
2023-04-27 03:15:00,21.23333333333333,45.333333333333336,12.075,72.0
2023-04-27 03:30:00,21.166666666666668,45.66666666666666,12.05,72.0
2023-04-27 03:45:00,21.1,46.0,12.025,72.0
2023-04-27 04:00:00,21.05,45.75,12.0,72.0
2023-04-27 04:15:00,21.0,45.5,12.25,70.5
2023-04-27 04:30:00,20.95,45.25,12.5,69.0
2023-04-27 04:45:00,20.9,45.0,12.75,67.5
2023-04-27 05:00:00,20.875,44.75,13.0,66.0
2023-04-27 05:15:00,20.85,44.5,13.45,62.5
2023-04-27 05:30:00,20.825,44.25,13.9,59.0
2023-04-27 05:45:00,20.8,44.0,14.35,55.5
2023-04-27 06:00:00,20.775,43.25,14.8,52.0
2023-04-27 06:15:00,20.75,42.5,15.0,52.0
2023-04-27 06:30:00,20.725,41.75,15.2,52.0
2023-04-27 06:45:00,20.7,41.0,15.4,52.0
2023-04-27 07:00:00,20.675,40.5,15.6,52.0
2023-04-27 07:15:00,20.65,40.0,15.95,50.5
2023-04-27 07:30:00,20.625,39.5,16.3,49.0
2023-04-27 07:45:00,20.6,39.0,16.65,47.5
2023-04-27 08:00:00,20.6,38.5,17.0,46.0
2023-04-27 08:15:00,20.6,38.0,17.3,44.75
2023-04-27 08:30:00,20.6,37.5,17.6,43.5
2023-04-27 08:45:00,20.6,37.0,17.9,42.25
2023-04-27 09:00:00,20.6,36.25,18.2,41.0
2023-04-27 09:15:00,20.6,35.5,18.425,40.25
2023-04-27 09:30:00,20.6,34.75,18.65,39.5
2023-04-27 09:45:00,20.6,34.0,18.875,38.75
2023-04-27 10:00:00,20.675,34.5,19.1,38.0
2023-04-27 10:15:00,20.75,35.0,19.275,37.25
2023-04-27 10:30:00,20.825,35.5,19.450000000000003,36.5
2023-04-27 10:45:00,20.9,36.0,19.625,35.75
2023-04-27 11:00:00,20.975,36.0,19.8,35.0
2023-04-27 11:15:00,21.05,36.0,19.825,34.5
2023-04-27 11:30:00,21.125,36.0,19.85,34.0
2023-04-27 11:45:00,21.2,36.0,19.875,33.5
2023-04-27 12:00:00,21.3,36.25,19.9,33.0
2023-04-27 12:15:00,21.4,36.5,19.875,33.0
2023-04-27 12:30:00,21.5,36.75,19.85,33.0
2023-04-27 12:45:00,21.6,37.0,19.825,33.0
2023-04-27 13:00:00,21.700000000000003,38.25,19.8,33.0
2023-04-27 13:15:00,21.8,39.5,19.7,33.75
2023-04-27 13:30:00,21.9,40.75,19.6,34.5
2023-04-27 13:45:00,22.0,42.0,19.5,35.25
2023-04-27 14:00:00,22.075,42.75,19.4,36.0
2023-04-27 14:15:00,22.15,43.5,19.225,36.75
2023-04-27 14:30:00,22.225,44.25,19.05,37.5
2023-04-27 14:45:00,22.3,45.0,18.875,38.25
2023-04-27 15:00:00,22.325,45.0,18.7,39.0
2023-04-27 15:15:00,22.35,45.0,18.45,40.25
2023-04-27 15:30:00,22.375,45.0,18.2,41.5
2023-04-27 15:45:00,22.4,45.0,17.95,42.75
2023-04-27 16:00:00,22.4,45.25,17.7,44.0
2023-04-27 16:15:00,22.4,45.5,17.425,45.75
2023-04-27 16:30:00,22.4,45.75,17.15,47.5
2023-04-27 16:45:00,22.4,46.0,16.875,49.25
2023-04-27 17:00:00,22.425,46.25,16.6,51.0
2023-04-27 17:15:00,22.45,46.5,16.325000000000003,52.75
2023-04-27 17:30:00,22.475,46.75,16.05,54.5
2023-04-27 17:45:00,22.5,47.0,15.775,56.25
2023-04-27 18:00:00,22.466666666666665,46.66666666666666,15.5,58.0
2023-04-27 18:15:00,22.433333333333334,46.333333333333336,15.175,62.0
2023-04-27 18:30:00,22.4,46.0,14.85,66.0
2023-04-27 18:45:00,22.35,46.0,14.525,70.0
2023-04-27 19:00:00,22.3,46.0,14.2,74.0
2023-04-27 19:15:00,22.25,46.0,14.025,74.5
2023-04-27 19:30:00,22.2,46.0,13.85,75.0
2023-04-27 19:45:00,22.175,46.0,13.675,75.5
2023-04-27 20:00:00,22.15,46.0,13.5,76.0
2023-04-27 20:15:00,22.125,46.0,13.425,76.25
2023-04-27 20:30:00,22.1,46.0,13.35,76.5
2023-04-27 20:45:00,22.075000000000003,45.75,13.275,76.75
2023-04-27 21:00:00,22.05,45.5,13.2,77.0
2023-04-27 21:15:00,22.025,45.25,13.1,77.25
2023-04-27 21:30:00,22.0,45.0,13.0,77.5
2023-04-27 21:45:00,21.95,45.0,12.9,77.75
2023-04-27 22:00:00,21.9,45.0,12.8,78.0
2023-04-27 22:15:00,21.85,45.0,12.725,78.5
2023-04-27 22:30:00,21.8,45.0,12.65,79.0
2023-04-27 22:45:00,21.725,45.25,12.575,79.5
2023-04-27 23:00:00,21.65,45.5,12.5,80.0
2023-04-27 23:15:00,21.575,45.75,12.4,80.5
2023-04-27 23:30:00,21.5,46.0,12.3,81.0
2023-04-27 23:45:00,21.45,46.0,12.2,81.5
2023-04-28 00:00:00,21.4,46.0,12.1,82.0
2023-04-28 00:15:00,21.35,46.0,11.925,82.75
2023-04-28 00:30:00,21.3,46.0,11.75,83.5
2023-04-28 00:45:00,21.25,46.0,11.575,84.25
2023-04-28 01:00:00,21.200000000000003,46.0,11.4,85.0
2023-04-28 01:15:00,21.15,46.0,11.275,85.25
2023-04-28 01:30:00,21.1,46.0,11.15,85.5
2023-04-28 01:45:00,21.075000000000003,46.0,11.025,85.75
2023-04-28 02:00:00,21.05,46.0,10.9,86.0
2023-04-28 02:15:00,21.025,46.0,10.85,86.5
2023-04-28 02:30:00,21.0,46.0,10.8,87.0
2023-04-28 02:45:00,20.95,46.0,10.75,87.5
2023-04-28 03:00:00,20.9,46.0,10.7,88.0
2023-04-28 03:15:00,20.85,46.0,10.6,88.25
2023-04-28 03:30:00,20.8,46.0,10.5,88.5
2023-04-28 03:45:00,20.75,46.25,10.4,88.75
2023-04-28 04:00:00,20.700000000000003,46.5,10.3,89.0
2023-04-28 04:15:00,20.65,46.75,10.575,88.5
2023-04-28 04:30:00,20.6,47.0,10.85,88.0
2023-04-28 04:45:00,20.575000000000003,47.0,11.125,87.5
2023-04-28 05:00:00,20.55,47.0,11.4,87.0
2023-04-28 05:15:00,20.525,47.0,12.0,82.25
2023-04-28 05:30:00,20.5,47.0,12.6,77.5
2023-04-28 05:45:00,20.5,47.0,13.2,72.75
2023-04-28 06:00:00,20.5,47.0,13.8,68.0
2023-04-28 06:15:00,20.5,47.0,14.1,65.5
2023-04-28 06:30:00,20.5,47.0,14.4,63.0
2023-04-28 06:45:00,20.475,46.75,14.7,60.5
2023-04-28 07:00:00,20.45,46.5,15.0,58.0
2023-04-28 07:15:00,20.425,46.25,15.225,56.0
2023-04-28 07:30:00,20.4,46.0,15.45,54.0
2023-04-28 07:45:00,20.4,45.75,15.675,52.0
2023-04-28 08:00:00,20.4,45.5,15.9,50.0
2023-04-28 08:15:00,20.4,45.25,16.175,48.25
2023-04-28 08:30:00,20.4,45.0,16.45,46.5
2023-04-28 08:45:00,20.433333333333334,44.66666666666666,16.725,44.75
2023-04-28 09:00:00,20.466666666666665,44.333333333333336,17.0,43.0
2023-04-28 09:15:00,20.5,44.0,17.275,41.5
2023-04-28 09:30:00,20.55,44.25,17.55,40.0
2023-04-28 09:45:00,20.6,44.5,17.825000000000003,38.5
2023-04-28 10:00:00,20.65,44.75,18.1,37.0
2023-04-28 10:15:00,20.7,45.0,18.25,36.25
2023-04-28 10:30:00,20.75,44.75,18.4,35.5
2023-04-28 10:45:00,20.8,44.5,18.55,34.75
2023-04-28 11:00:00,20.85,44.25,18.7,34.0
2023-04-28 11:15:00,20.9,44.0,18.775,33.5
2023-04-28 11:30:00,20.975,43.75,18.85,33.0
2023-04-28 11:45:00,21.05,43.5,18.925,32.5
2023-04-28 12:00:00,21.125,43.25,19.0,32.0
2023-04-28 12:15:00,21.2,43.0,19.075,31.75
2023-04-28 12:30:00,,43.0,19.15,31.5
2023-04-28 12:45:00,,43.0,19.225,31.25
2023-04-28 13:00:00,,43.0,19.3,31.0
2023-04-28 13:15:00,,43.0,19.275,31.25
2023-04-28 13:30:00,,43.5,19.25,31.5
2023-04-28 13:45:00,,44.0,19.225,31.75
2023-04-28 14:00:00,,44.5,19.2,32.0
2023-04-28 14:15:00,21.7,45.0,19.075,32.75
2023-04-28 14:30:00,21.75,45.0,18.95,33.5
2023-04-28 14:45:00,21.8,45.0,18.825,34.25
2023-04-28 15:00:00,21.85,45.0,18.7,35.0
2023-04-28 15:15:00,21.9,45.0,18.5,36.0
2023-04-28 15:30:00,21.925,45.25,18.3,37.0
2023-04-28 15:45:00,21.95,45.5,18.1,38.0
2023-04-28 16:00:00,21.975,45.75,17.9,39.0
2023-04-28 16:15:00,22.0,46.0,17.625,40.5
2023-04-28 16:30:00,22.0,46.0,17.35,42.0
2023-04-28 16:45:00,22.0,46.0,17.075,43.5
2023-04-28 17:00:00,22.0,46.0,16.8,45.0
2023-04-28 17:15:00,22.0,46.0,16.525,47.5
2023-04-28 17:30:00,21.95,45.75,16.25,50.0
2023-04-28 17:45:00,21.9,45.5,15.975,52.5
2023-04-28 18:00:00,21.85,45.25,15.7,55.0
2023-04-28 18:15:00,21.8,45.0,15.3,59.75
2023-04-28 18:30:00,21.8,45.0,14.9,64.5
2023-04-28 18:45:00,21.8,45.0,14.5,69.25
2023-04-28 19:00:00,21.8,45.0,14.1,74.0
2023-04-28 19:15:00,21.8,45.0,13.9,75.0
2023-04-28 19:30:00,21.775,45.25,13.7,76.0
2023-04-28 19:45:00,21.75,45.5,13.5,77.0
2023-04-28 20:00:00,21.725,45.75,13.3,78.0
2023-04-28 20:15:00,21.7,46.0,13.2,77.75
2023-04-28 20:30:00,21.65,45.75,13.1,77.5
2023-04-28 20:45:00,21.6,45.5,13.0,77.25
2023-04-28 21:00:00,21.55,45.25,12.9,77.0
2023-04-28 21:15:00,21.5,45.0,12.9,76.75
2023-04-28 21:30:00,21.45,45.25,12.9,76.5
2023-04-28 21:45:00,21.4,45.5,12.9,76.25
2023-04-28 22:00:00,21.35,45.75,12.9,76.0
2023-04-28 22:15:00,21.3,46.0,12.95,76.0
2023-04-28 22:30:00,21.275,46.0,13.0,76.0
2023-04-28 22:45:00,21.25,46.0,13.05,76.0
2023-04-28 23:00:00,21.225,46.0,13.1,76.0
2023-04-28 23:15:00,21.2,46.0,13.075,76.5
2023-04-28 23:30:00,21.133333333333333,46.333333333333336,13.05,77.0
2023-04-28 23:45:00,21.066666666666663,46.66666666666666,13.025,77.5
2023-04-29 00:00:00,21.0,47.0,13.0,78.0
2023-04-29 00:15:00,20.975,47.0,12.85,78.75
2023-04-29 00:30:00,20.95,47.0,12.7,79.5
2023-04-29 00:45:00,20.925,47.0,12.55,80.25
2023-04-29 01:00:00,20.9,47.0,12.4,81.0
2023-04-29 01:15:00,20.85,47.0,12.35,81.75
2023-04-29 01:30:00,20.8,47.0,12.3,82.5
2023-04-29 01:45:00,20.75,47.0,12.25,83.25
2023-04-29 02:00:00,20.7,47.0,12.2,84.0
2023-04-29 02:15:00,20.675,47.0,12.15,84.5
2023-04-29 02:30:00,20.65,47.0,12.1,85.0
2023-04-29 02:45:00,20.625,47.0,12.05,85.5
2023-04-29 03:00:00,20.6,47.0,12.0,86.0
2023-04-29 03:15:00,20.55,47.0,11.925,86.5
2023-04-29 03:30:00,20.5,47.0,11.85,87.0
2023-04-29 03:45:00,20.45,47.0,11.775,87.5
2023-04-29 04:00:00,20.4,47.0,11.7,88.0
2023-04-29 04:15:00,20.375,47.0,11.75,87.0
2023-04-29 04:30:00,20.35,47.0,11.8,86.0
2023-04-29 04:45:00,20.325,47.0,11.85,85.0
2023-04-29 05:00:00,20.3,47.0,11.9,84.0
2023-04-29 05:15:00,,47.25,12.375,79.25
2023-04-29 05:30:00,,47.5,12.85,74.5
2023-04-29 05:45:00,,47.75,13.325,69.75
2023-04-29 06:00:00,,48.0,13.8,65.0
2023-04-29 06:15:00,,47.25,14.175,64.0
2023-04-29 06:30:00,,46.5,14.55,63.0
2023-04-29 06:45:00,,45.75,14.925,62.0
2023-04-29 07:00:00,20.2,45.0,15.3,61.0
2023-04-29 07:15:00,20.225,45.25,15.625,59.5
2023-04-29 07:30:00,20.25,45.5,15.95,58.0
2023-04-29 07:45:00,20.275,45.75,16.275000000000002,56.5
2023-04-29 08:00:00,20.3,46.0,16.6,55.0
2023-04-29 08:15:00,20.3,46.25,16.900000000000002,53.5
2023-04-29 08:30:00,20.3,46.5,17.200000000000003,52.0
2023-04-29 08:45:00,20.3,46.75,17.5,50.5
2023-04-29 09:00:00,20.3,47.0,17.8,49.0
2023-04-29 09:15:00,20.325,46.75,18.1,47.25
2023-04-29 09:30:00,20.35,46.5,18.4,45.5
2023-04-29 09:45:00,20.375,46.25,18.7,43.75
2023-04-29 10:00:00,20.4,46.0,19.0,42.0
2023-04-29 10:15:00,20.475,46.0,19.3,40.75
2023-04-29 10:30:00,20.55,46.0,19.6,39.5
2023-04-29 10:45:00,20.625,46.0,19.9,38.25
2023-04-29 11:00:00,20.7,46.0,20.2,37.0
2023-04-29 11:15:00,20.75,46.0,20.375,36.25
2023-04-29 11:30:00,20.8,46.0,20.55,35.5
2023-04-29 11:45:00,20.85,46.0,20.725,34.75
2023-04-29 12:00:00,20.9,46.0,20.9,34.0
2023-04-29 12:15:00,20.925,46.0,20.975,33.75
2023-04-29 12:30:00,20.95,46.0,21.05,33.5
2023-04-29 12:45:00,20.975,46.0,21.125,33.25
2023-04-29 13:00:00,21.0,46.0,21.2,33.0
2023-04-29 13:15:00,21.05,45.75,21.125,33.5
2023-04-29 13:30:00,21.1,45.5,21.05,34.0
2023-04-29 13:45:00,21.15,45.25,20.975,34.5
2023-04-29 14:00:00,21.2,45.0,20.9,35.0
2023-04-29 14:15:00,21.2,45.333333333333336,20.775,35.75
2023-04-29 14:30:00,21.2,45.66666666666666,20.65,36.5
2023-04-29 14:45:00,21.2,46.0,20.525,37.25
2023-04-29 15:00:00,21.225,46.0,20.4,38.0
2023-04-29 15:15:00,21.25,46.0,19.975,41.0
2023-04-29 15:30:00,21.275,46.0,19.55,44.0
2023-04-29 15:45:00,21.3,46.0,19.125,47.0
2023-04-29 16:00:00,21.3,46.25,18.7,50.0
2023-04-29 16:15:00,21.3,46.5,18.3,52.5
2023-04-29 16:30:00,21.3,46.75,17.9,55.0
2023-04-29 16:45:00,21.3,47.0,17.5,57.5
2023-04-29 17:00:00,21.275,47.0,17.1,60.0
2023-04-29 17:15:00,21.25,47.0,16.8,61.75
2023-04-29 17:30:00,21.225,47.0,16.5,63.5
2023-04-29 17:45:00,21.2,47.0,16.2,65.25
2023-04-29 18:00:00,21.175,47.25,15.9,67.0
2023-04-29 18:15:00,21.15,47.5,15.65,68.5
2023-04-29 18:30:00,21.125,47.75,15.4,70.0
2023-04-29 18:45:00,21.1,48.0,15.15,71.5
2023-04-29 19:00:00,21.075000000000003,48.0,14.9,73.0
2023-04-29 19:15:00,21.05,48.0,14.725,74.5
2023-04-29 19:30:00,21.025,48.0,14.55,76.0
2023-04-29 19:45:00,21.0,48.0,14.375,77.5
2023-04-29 20:00:00,20.975,48.25,14.2,79.0
2023-04-29 20:15:00,20.95,48.5,14.025,80.25
2023-04-29 20:30:00,20.925,48.75,13.85,81.5
2023-04-29 20:45:00,20.9,49.0,13.675,82.75
2023-04-29 21:00:00,20.875,49.0,13.5,84.0
2023-04-29 21:15:00,20.85,49.0,13.35,85.25
2023-04-29 21:30:00,20.825,49.0,13.2,86.5
2023-04-29 21:45:00,20.8,49.0,13.05,87.75
2023-04-29 22:00:00,20.775,49.25,12.9,89.0
2023-04-29 22:15:00,20.75,49.5,12.85,89.0
2023-04-29 22:30:00,20.725,49.75,12.8,89.0
2023-04-29 22:45:00,20.7,50.0,12.75,89.0
2023-04-29 23:00:00,20.675,50.0,12.7,89.0
2023-04-29 23:15:00,20.65,50.0,12.725,89.0
2023-04-29 23:30:00,20.625,50.0,12.75,89.0
2023-04-29 23:45:00,20.6,50.0,12.775,89.0
2023-04-30 00:00:00,20.575000000000003,50.25,12.8,89.0
2023-04-30 00:15:00,20.55,50.5,12.95,88.75
2023-04-30 00:30:00,20.525,50.75,13.1,88.5
2023-04-30 00:45:00,20.5,51.0,13.25,88.25
2023-04-30 01:00:00,20.475,51.0,13.4,88.0
2023-04-30 01:15:00,20.45,51.0,13.375,88.5
2023-04-30 01:30:00,20.425,51.0,13.35,89.0
2023-04-30 01:45:00,20.4,51.0,13.325,89.5
2023-04-30 02:00:00,20.375,51.25,13.3,90.0
2023-04-30 02:15:00,20.35,51.5,13.3,90.25
2023-04-30 02:30:00,20.325,51.75,13.3,90.5
2023-04-30 02:45:00,20.3,52.0,13.3,90.75
2023-04-30 03:00:00,20.275,52.0,13.3,91.0
2023-04-30 03:15:00,20.25,52.0,13.3,91.25
2023-04-30 03:30:00,20.225,52.0,13.3,91.5
2023-04-30 03:45:00,20.2,52.0,13.3,91.75
2023-04-30 04:00:00,20.175,52.0,13.3,92.0
2023-04-30 04:15:00,20.15,52.0,13.4,91.25
2023-04-30 04:30:00,20.125,52.0,13.5,90.5
2023-04-30 04:45:00,20.1,52.0,13.6,89.75
2023-04-30 05:00:00,20.1,52.333333333333336,13.7,89.0
2023-04-30 05:15:00,20.1,52.66666666666666,14.0,87.0
2023-04-30 05:30:00,20.1,53.0,14.3,85.0
2023-04-30 05:45:00,20.1,53.0,14.6,83.0
2023-04-30 06:00:00,20.1,53.0,14.9,81.0
2023-04-30 06:15:00,20.1,53.0,15.225,78.75
2023-04-30 06:30:00,20.1,53.0,15.55,76.5
2023-04-30 06:45:00,20.1,53.25,15.875,74.25
2023-04-30 07:00:00,20.1,53.5,16.2,72.0
2023-04-30 07:15:00,20.1,53.75,16.5,70.25
2023-04-30 07:30:00,20.1,54.0,16.799999999999997,68.5
2023-04-30 07:45:00,20.1,54.0,17.099999999999998,66.75
2023-04-30 08:00:00,20.1,54.0,17.4,65.0
2023-04-30 08:15:00,20.1,54.0,17.674999999999997,63.5
2023-04-30 08:30:00,20.1,54.0,17.95,62.0
2023-04-30 08:45:00,20.15,54.0,18.225,60.5
2023-04-30 09:00:00,20.200000000000003,54.0,18.5,59.0
2023-04-30 09:15:00,20.25,54.0,18.75,58.0
2023-04-30 09:30:00,20.3,54.0,19.0,57.0
2023-04-30 09:45:00,20.35,54.0,19.25,56.0
2023-04-30 10:00:00,20.4,54.0,19.5,55.0
2023-04-30 10:15:00,20.45,54.0,19.7,54.25
2023-04-30 10:30:00,20.5,54.0,19.9,53.5
2023-04-30 10:45:00,20.55,54.0,20.1,52.75
2023-04-30 11:00:00,20.6,54.0,20.3,52.0
2023-04-30 11:15:00,20.65,54.0,20.375,52.0
2023-04-30 11:30:00,20.7,54.0,20.450000000000003,52.0
2023-04-30 11:45:00,20.775,54.0,20.525,52.0
2023-04-30 12:00:00,20.85,54.0,20.6,52.0
2023-04-30 12:15:00,20.925,54.0,20.625,52.25
2023-04-30 12:30:00,21.0,54.0,20.65,52.5
2023-04-30 12:45:00,21.05,53.75,20.675,52.75
2023-04-30 13:00:00,21.1,53.5,20.7,53.0
2023-04-30 13:15:00,21.15,53.25,20.6,53.5
2023-04-30 13:30:00,21.2,53.0,20.5,54.0
2023-04-30 13:45:00,21.225,53.0,20.4,54.5
2023-04-30 14:00:00,21.25,53.0,20.3,55.0
2023-04-30 14:15:00,21.275,53.0,20.075,56.25
2023-04-30 14:30:00,21.3,53.0,19.85,57.5
2023-04-30 14:45:00,21.3,53.0,19.625,58.75
2023-04-30 15:00:00,21.3,53.0,19.4,60.0
2023-04-30 15:15:00,21.3,53.0,19.275,61.0
2023-04-30 15:30:00,21.3,53.0,19.15,62.0
2023-04-30 15:45:00,21.3,53.0,19.025,63.0
2023-04-30 16:00:00,21.3,53.0,18.9,64.0
2023-04-30 16:15:00,21.3,53.0,18.7,65.25
2023-04-30 16:30:00,21.3,53.0,18.5,66.5
2023-04-30 16:45:00,21.3,53.0,18.3,67.75
2023-04-30 17:00:00,21.3,53.0,18.1,69.0
2023-04-30 17:15:00,21.3,53.0,17.875,70.75
2023-04-30 17:30:00,21.3,53.0,17.65,72.5
2023-04-30 17:45:00,21.275,53.25,17.425,74.25
2023-04-30 18:00:00,21.25,53.5,17.2,76.0
2023-04-30 18:15:00,21.225,53.75,16.925,77.25
2023-04-30 18:30:00,21.2,54.0,16.65,78.5
2023-04-30 18:45:00,21.175,54.0,16.375,79.75
2023-04-30 19:00:00,21.15,54.0,16.1,81.0
2023-04-30 19:15:00,21.125,54.0,15.975,82.0
2023-04-30 19:30:00,21.1,54.0,15.85,83.0
2023-04-30 19:45:00,21.1,54.0,15.725,84.0
2023-04-30 20:00:00,21.1,54.0,15.6,85.0
2023-04-30 20:15:00,21.1,54.0,15.45,86.5
2023-04-30 20:30:00,21.075000000000003,54.0,15.3,88.0
2023-04-30 20:45:00,21.05,54.0,15.15,89.5
2023-04-30 21:00:00,21.025,54.0,15.0,91.0
2023-04-30 21:15:00,21.0,54.0,14.9,91.25
2023-04-30 21:30:00,20.95,54.25,14.8,91.5
2023-04-30 21:45:00,20.9,54.5,14.7,91.75
2023-04-30 22:00:00,20.85,54.75,14.6,92.0
2023-04-30 22:15:00,20.8,55.0,14.5,92.25
2023-04-30 22:30:00,20.8,55.0,14.4,92.5
2023-04-30 22:45:00,20.8,55.0,14.3,92.75
2023-04-30 23:00:00,20.8,55.0,14.2,93.0
2023-04-30 23:15:00,20.8,55.0,14.2,93.0
